ver_image_path,car_image_path,label
./ourcar/yao_ming/16.jpg,./ourcar/yao_ming_caricature/09.jpg,1
./ourcar/yao_ming/16.jpg,./ourcar/yao_ming_caricature/19.jpg,1
./ourcar/yao_ming/16.jpg,./ourcar/yao_ming_caricature/04.jpg,1
./ourcar/yao_ming/16.jpg,./ourcar/yao_ming_caricature/11.jpg,1
./ourcar/yao_ming/16.jpg,./ourcar/yao_ming_caricature/01.jpg,1
./ourcar/yao_ming/16.jpg,./ourcar/alfred_hitchcock_caricature/17.jpg,0
./ourcar/yao_ming/16.jpg,./ourcar/fergie_caricature/03.jpg,0
./ourcar/yao_ming/16.jpg,./ourcar/denzel_washington_caricature/01.jpg,0
./ourcar/yao_ming/16.jpg,./ourcar/bill_clinton_caricature/10.jpg,0
./ourcar/yao_ming/16.jpg,./ourcar/rainn_wilson_caricature/01.jpg,0
./ourcar/yao_ming/11.jpg,./ourcar/yao_ming_caricature/09.jpg,1
./ourcar/yao_ming/11.jpg,./ourcar/yao_ming_caricature/19.jpg,1
./ourcar/yao_ming/11.jpg,./ourcar/yao_ming_caricature/04.jpg,1
./ourcar/yao_ming/11.jpg,./ourcar/yao_ming_caricature/11.jpg,1
./ourcar/yao_ming/11.jpg,./ourcar/yao_ming_caricature/01.jpg,1
./ourcar/yao_ming/11.jpg,./ourcar/betty_white_caricature/02.jpg,0
./ourcar/yao_ming/11.jpg,./ourcar/kaley_cuoco_caricature/02.jpg,0
./ourcar/yao_ming/11.jpg,./ourcar/benedict_cumberbatch_caricature/04.jpg,0
./ourcar/yao_ming/11.jpg,./ourcar/ben_affleck_caricature/21.jpg,0
./ourcar/yao_ming/11.jpg,./ourcar/david_tennant_caricature/08.jpg,0
./ourcar/yao_ming/07.jpg,./ourcar/yao_ming_caricature/09.jpg,1
./ourcar/yao_ming/07.jpg,./ourcar/yao_ming_caricature/19.jpg,1
./ourcar/yao_ming/07.jpg,./ourcar/yao_ming_caricature/04.jpg,1
./ourcar/yao_ming/07.jpg,./ourcar/yao_ming_caricature/11.jpg,1
./ourcar/yao_ming/07.jpg,./ourcar/yao_ming_caricature/01.jpg,1
./ourcar/yao_ming/07.jpg,./ourcar/ben_affleck_caricature/03.jpg,0
./ourcar/yao_ming/07.jpg,./ourcar/mao_caricature/07.jpg,0
./ourcar/yao_ming/07.jpg,./ourcar/dr._phil_caricature/05.jpg,0
./ourcar/yao_ming/07.jpg,./ourcar/melania_trump_caricature/17.jpg,0
./ourcar/yao_ming/07.jpg,./ourcar/kaley_cuoco_caricature/02.jpg,0
./ourcar/yao_ming/14.jpg,./ourcar/yao_ming_caricature/09.jpg,1
./ourcar/yao_ming/14.jpg,./ourcar/yao_ming_caricature/19.jpg,1
./ourcar/yao_ming/14.jpg,./ourcar/yao_ming_caricature/04.jpg,1
./ourcar/yao_ming/14.jpg,./ourcar/yao_ming_caricature/11.jpg,1
./ourcar/yao_ming/14.jpg,./ourcar/yao_ming_caricature/01.jpg,1
./ourcar/yao_ming/14.jpg,./ourcar/neil_patrick_harris_caricature/06.jpg,0
./ourcar/yao_ming/14.jpg,./ourcar/denzel_washington_caricature/03.jpg,0
./ourcar/yao_ming/14.jpg,./ourcar/xi_jinping_caricature/01.jpg,0
./ourcar/yao_ming/14.jpg,./ourcar/denzel_washington_caricature/09.jpg,0
./ourcar/yao_ming/14.jpg,./ourcar/sarah_palin_caricature/20.jpg,0
./ourcar/yao_ming/02.jpg,./ourcar/yao_ming_caricature/09.jpg,1
./ourcar/yao_ming/02.jpg,./ourcar/yao_ming_caricature/19.jpg,1
./ourcar/yao_ming/02.jpg,./ourcar/yao_ming_caricature/04.jpg,1
./ourcar/yao_ming/02.jpg,./ourcar/yao_ming_caricature/11.jpg,1
./ourcar/yao_ming/02.jpg,./ourcar/yao_ming_caricature/01.jpg,1
./ourcar/yao_ming/02.jpg,./ourcar/melania_trump_caricature/17.jpg,0
./ourcar/yao_ming/02.jpg,./ourcar/alexandria_ocasio-cortez_caricature/06.jpg,0
./ourcar/yao_ming/02.jpg,./ourcar/mao_caricature/03.jpg,0
./ourcar/yao_ming/02.jpg,./ourcar/alec_baldwin_caricature/01.jpg,0
./ourcar/yao_ming/02.jpg,./ourcar/nancy_pelosi_caricature/03.jpg,0
./ourcar/neil_patrick_harris/08.jpg,./ourcar/neil_patrick_harris_caricature/08.jpg,1
./ourcar/neil_patrick_harris/08.jpg,./ourcar/neil_patrick_harris_caricature/05.jpg,1
./ourcar/neil_patrick_harris/08.jpg,./ourcar/neil_patrick_harris_caricature/09.jpg,1
./ourcar/neil_patrick_harris/08.jpg,./ourcar/neil_patrick_harris_caricature/02.jpg,1
./ourcar/neil_patrick_harris/08.jpg,./ourcar/neil_patrick_harris_caricature/07.jpg,1
./ourcar/neil_patrick_harris/08.jpg,./ourcar/denzel_washington_caricature/01.jpg,0
./ourcar/neil_patrick_harris/08.jpg,./ourcar/bill_clinton_caricature/10.jpg,0
./ourcar/neil_patrick_harris/08.jpg,./ourcar/rainn_wilson_caricature/01.jpg,0
./ourcar/neil_patrick_harris/08.jpg,./ourcar/betty_white_caricature/02.jpg,0
./ourcar/neil_patrick_harris/08.jpg,./ourcar/kaley_cuoco_caricature/02.jpg,0
./ourcar/neil_patrick_harris/04.jpg,./ourcar/neil_patrick_harris_caricature/08.jpg,1
./ourcar/neil_patrick_harris/04.jpg,./ourcar/neil_patrick_harris_caricature/05.jpg,1
./ourcar/neil_patrick_harris/04.jpg,./ourcar/neil_patrick_harris_caricature/09.jpg,1
./ourcar/neil_patrick_harris/04.jpg,./ourcar/neil_patrick_harris_caricature/02.jpg,1
./ourcar/neil_patrick_harris/04.jpg,./ourcar/neil_patrick_harris_caricature/07.jpg,1
./ourcar/neil_patrick_harris/04.jpg,./ourcar/yao_ming_caricature/09.jpg,0
./ourcar/neil_patrick_harris/04.jpg,./ourcar/bill_clinton_caricature/04.jpg,0
./ourcar/neil_patrick_harris/04.jpg,./ourcar/ben_affleck_caricature/21.jpg,0
./ourcar/neil_patrick_harris/04.jpg,./ourcar/david_tennant_caricature/08.jpg,0
./ourcar/neil_patrick_harris/04.jpg,./ourcar/ben_affleck_caricature/03.jpg,0
./ourcar/neil_patrick_harris/06.jpg,./ourcar/neil_patrick_harris_caricature/08.jpg,1
./ourcar/neil_patrick_harris/06.jpg,./ourcar/neil_patrick_harris_caricature/05.jpg,1
./ourcar/neil_patrick_harris/06.jpg,./ourcar/neil_patrick_harris_caricature/09.jpg,1
./ourcar/neil_patrick_harris/06.jpg,./ourcar/neil_patrick_harris_caricature/02.jpg,1
./ourcar/neil_patrick_harris/06.jpg,./ourcar/neil_patrick_harris_caricature/07.jpg,1
./ourcar/neil_patrick_harris/06.jpg,./ourcar/mao_caricature/07.jpg,0
./ourcar/neil_patrick_harris/06.jpg,./ourcar/dr._phil_caricature/05.jpg,0
./ourcar/neil_patrick_harris/06.jpg,./ourcar/melania_trump_caricature/17.jpg,0
./ourcar/neil_patrick_harris/06.jpg,./ourcar/kaley_cuoco_caricature/02.jpg,0
./ourcar/neil_patrick_harris/06.jpg,./ourcar/pat_morita_caricature/07.jpg,0
./ourcar/neil_patrick_harris/09.jpg,./ourcar/neil_patrick_harris_caricature/08.jpg,1
./ourcar/neil_patrick_harris/09.jpg,./ourcar/neil_patrick_harris_caricature/05.jpg,1
./ourcar/neil_patrick_harris/09.jpg,./ourcar/neil_patrick_harris_caricature/09.jpg,1
./ourcar/neil_patrick_harris/09.jpg,./ourcar/neil_patrick_harris_caricature/02.jpg,1
./ourcar/neil_patrick_harris/09.jpg,./ourcar/neil_patrick_harris_caricature/07.jpg,1
./ourcar/neil_patrick_harris/09.jpg,./ourcar/denzel_washington_caricature/03.jpg,0
./ourcar/neil_patrick_harris/09.jpg,./ourcar/xi_jinping_caricature/01.jpg,0
./ourcar/neil_patrick_harris/09.jpg,./ourcar/denzel_washington_caricature/09.jpg,0
./ourcar/neil_patrick_harris/09.jpg,./ourcar/sarah_palin_caricature/20.jpg,0
./ourcar/neil_patrick_harris/09.jpg,./ourcar/melania_trump_caricature/17.jpg,0
./ourcar/neil_patrick_harris/02.jpg,./ourcar/neil_patrick_harris_caricature/08.jpg,1
./ourcar/neil_patrick_harris/02.jpg,./ourcar/neil_patrick_harris_caricature/05.jpg,1
./ourcar/neil_patrick_harris/02.jpg,./ourcar/neil_patrick_harris_caricature/09.jpg,1
./ourcar/neil_patrick_harris/02.jpg,./ourcar/neil_patrick_harris_caricature/02.jpg,1
./ourcar/neil_patrick_harris/02.jpg,./ourcar/neil_patrick_harris_caricature/07.jpg,1
./ourcar/neil_patrick_harris/02.jpg,./ourcar/alexandria_ocasio-cortez_caricature/06.jpg,0
./ourcar/neil_patrick_harris/02.jpg,./ourcar/mao_caricature/03.jpg,0
./ourcar/neil_patrick_harris/02.jpg,./ourcar/alec_baldwin_caricature/01.jpg,0
./ourcar/neil_patrick_harris/02.jpg,./ourcar/nancy_pelosi_caricature/03.jpg,0
./ourcar/neil_patrick_harris/02.jpg,./ourcar/alfred_hitchcock_caricature/13.jpg,0
./ourcar/mao/04.jpg,./ourcar/mao_caricature/04.jpg,1
./ourcar/mao/04.jpg,./ourcar/mao_caricature/07.jpg,1
./ourcar/mao/04.jpg,./ourcar/mao_caricature/05.jpg,1
./ourcar/mao/04.jpg,./ourcar/mao_caricature/03.jpg,1
./ourcar/mao/04.jpg,./ourcar/mao_caricature/06.jpg,1
./ourcar/mao/04.jpg,./ourcar/eddie_murphy_caricature/04.jpg,0
./ourcar/mao/04.jpg,./ourcar/neil_patrick_harris_caricature/03.jpg,0
./ourcar/mao/04.jpg,./ourcar/alexandria_ocasio-cortez_caricature/01.jpg,0
./ourcar/mao/04.jpg,./ourcar/cameron_diaz_caricature/03.jpg,0
./ourcar/mao/04.jpg,./ourcar/denzel_washington_caricature/01.jpg,0
./ourcar/mao/01.jpg,./ourcar/mao_caricature/04.jpg,1
./ourcar/mao/01.jpg,./ourcar/mao_caricature/07.jpg,1
./ourcar/mao/01.jpg,./ourcar/mao_caricature/05.jpg,1
./ourcar/mao/01.jpg,./ourcar/mao_caricature/03.jpg,1
./ourcar/mao/01.jpg,./ourcar/mao_caricature/06.jpg,1
./ourcar/mao/01.jpg,./ourcar/bill_clinton_caricature/10.jpg,0
./ourcar/mao/01.jpg,./ourcar/rainn_wilson_caricature/01.jpg,0
./ourcar/mao/01.jpg,./ourcar/betty_white_caricature/02.jpg,0
./ourcar/mao/01.jpg,./ourcar/kaley_cuoco_caricature/02.jpg,0
./ourcar/mao/01.jpg,./ourcar/yao_ming_caricature/09.jpg,0
./ourcar/mao/05.jpg,./ourcar/mao_caricature/04.jpg,1
./ourcar/mao/05.jpg,./ourcar/mao_caricature/07.jpg,1
./ourcar/mao/05.jpg,./ourcar/mao_caricature/05.jpg,1
./ourcar/mao/05.jpg,./ourcar/mao_caricature/03.jpg,1
./ourcar/mao/05.jpg,./ourcar/mao_caricature/06.jpg,1
./ourcar/mao/05.jpg,./ourcar/bill_clinton_caricature/04.jpg,0
./ourcar/mao/05.jpg,./ourcar/ben_affleck_caricature/21.jpg,0
./ourcar/mao/05.jpg,./ourcar/david_tennant_caricature/08.jpg,0
./ourcar/mao/05.jpg,./ourcar/ben_affleck_caricature/03.jpg,0
./ourcar/mao/05.jpg,./ourcar/xi_jinping_caricature/01.jpg,0
./ourcar/mao/02.jpg,./ourcar/mao_caricature/04.jpg,1
./ourcar/mao/02.jpg,./ourcar/mao_caricature/07.jpg,1
./ourcar/mao/02.jpg,./ourcar/mao_caricature/05.jpg,1
./ourcar/mao/02.jpg,./ourcar/mao_caricature/03.jpg,1
./ourcar/mao/02.jpg,./ourcar/mao_caricature/06.jpg,1
./ourcar/mao/02.jpg,./ourcar/melania_trump_caricature/10.jpg,0
./ourcar/mao/02.jpg,./ourcar/fergie_caricature/07.jpg,0
./ourcar/mao/02.jpg,./ourcar/neil_patrick_harris_caricature/06.jpg,0
./ourcar/mao/02.jpg,./ourcar/denzel_washington_caricature/03.jpg,0
./ourcar/mao/02.jpg,./ourcar/xi_jinping_caricature/01.jpg,0
./ourcar/mao/03.jpg,./ourcar/mao_caricature/04.jpg,1
./ourcar/mao/03.jpg,./ourcar/mao_caricature/07.jpg,1
./ourcar/mao/03.jpg,./ourcar/mao_caricature/05.jpg,1
./ourcar/mao/03.jpg,./ourcar/mao_caricature/03.jpg,1
./ourcar/mao/03.jpg,./ourcar/mao_caricature/06.jpg,1
./ourcar/mao/03.jpg,./ourcar/denzel_washington_caricature/09.jpg,0
./ourcar/mao/03.jpg,./ourcar/sarah_palin_caricature/20.jpg,0
./ourcar/mao/03.jpg,./ourcar/melania_trump_caricature/17.jpg,0
./ourcar/mao/03.jpg,./ourcar/alexandria_ocasio-cortez_caricature/06.jpg,0
./ourcar/mao/03.jpg,./ourcar/neil_patrick_harris_caricature/08.jpg,0
./ourcar/dr._phil/08.jpg,./ourcar/dr._phil_caricature/07.jpg,1
./ourcar/dr._phil/08.jpg,./ourcar/dr._phil_caricature/01.jpg,1
./ourcar/dr._phil/08.jpg,./ourcar/dr._phil_caricature/05.jpg,1
./ourcar/dr._phil/08.jpg,./ourcar/dr._phil_caricature/02.jpg,1
./ourcar/dr._phil/08.jpg,./ourcar/dr._phil_caricature/04.jpg,1
./ourcar/dr._phil/08.jpg,./ourcar/neil_patrick_harris_caricature/03.jpg,0
./ourcar/dr._phil/08.jpg,./ourcar/mao_caricature/01.jpg,0
./ourcar/dr._phil/08.jpg,./ourcar/alfred_hitchcock_caricature/17.jpg,0
./ourcar/dr._phil/08.jpg,./ourcar/fergie_caricature/03.jpg,0
./ourcar/dr._phil/08.jpg,./ourcar/denzel_washington_caricature/01.jpg,0
./ourcar/dr._phil/07.jpg,./ourcar/dr._phil_caricature/07.jpg,1
./ourcar/dr._phil/07.jpg,./ourcar/dr._phil_caricature/01.jpg,1
./ourcar/dr._phil/07.jpg,./ourcar/dr._phil_caricature/05.jpg,1
./ourcar/dr._phil/07.jpg,./ourcar/dr._phil_caricature/02.jpg,1
./ourcar/dr._phil/07.jpg,./ourcar/dr._phil_caricature/04.jpg,1
./ourcar/dr._phil/07.jpg,./ourcar/bill_clinton_caricature/10.jpg,0
./ourcar/dr._phil/07.jpg,./ourcar/rainn_wilson_caricature/01.jpg,0
./ourcar/dr._phil/07.jpg,./ourcar/betty_white_caricature/02.jpg,0
./ourcar/dr._phil/07.jpg,./ourcar/kaley_cuoco_caricature/02.jpg,0
./ourcar/dr._phil/07.jpg,./ourcar/yao_ming_caricature/09.jpg,0
./ourcar/dr._phil/06.jpg,./ourcar/dr._phil_caricature/07.jpg,1
./ourcar/dr._phil/06.jpg,./ourcar/dr._phil_caricature/01.jpg,1
./ourcar/dr._phil/06.jpg,./ourcar/dr._phil_caricature/05.jpg,1
./ourcar/dr._phil/06.jpg,./ourcar/dr._phil_caricature/02.jpg,1
./ourcar/dr._phil/06.jpg,./ourcar/dr._phil_caricature/04.jpg,1
./ourcar/dr._phil/06.jpg,./ourcar/bill_clinton_caricature/04.jpg,0
./ourcar/dr._phil/06.jpg,./ourcar/ben_affleck_caricature/21.jpg,0
./ourcar/dr._phil/06.jpg,./ourcar/david_tennant_caricature/08.jpg,0
./ourcar/dr._phil/06.jpg,./ourcar/ben_affleck_caricature/03.jpg,0
./ourcar/dr._phil/06.jpg,./ourcar/mao_caricature/07.jpg,0
./ourcar/dr._phil/02.jpg,./ourcar/dr._phil_caricature/07.jpg,1
./ourcar/dr._phil/02.jpg,./ourcar/dr._phil_caricature/01.jpg,1
./ourcar/dr._phil/02.jpg,./ourcar/dr._phil_caricature/05.jpg,1
./ourcar/dr._phil/02.jpg,./ourcar/dr._phil_caricature/02.jpg,1
./ourcar/dr._phil/02.jpg,./ourcar/dr._phil_caricature/04.jpg,1
./ourcar/dr._phil/02.jpg,./ourcar/melania_trump_caricature/10.jpg,0
./ourcar/dr._phil/02.jpg,./ourcar/fergie_caricature/07.jpg,0
./ourcar/dr._phil/02.jpg,./ourcar/neil_patrick_harris_caricature/06.jpg,0
./ourcar/dr._phil/02.jpg,./ourcar/denzel_washington_caricature/03.jpg,0
./ourcar/dr._phil/02.jpg,./ourcar/xi_jinping_caricature/01.jpg,0
./ourcar/dr._phil/05.jpg,./ourcar/dr._phil_caricature/07.jpg,1
./ourcar/dr._phil/05.jpg,./ourcar/dr._phil_caricature/01.jpg,1
./ourcar/dr._phil/05.jpg,./ourcar/dr._phil_caricature/05.jpg,1
./ourcar/dr._phil/05.jpg,./ourcar/dr._phil_caricature/02.jpg,1
./ourcar/dr._phil/05.jpg,./ourcar/dr._phil_caricature/04.jpg,1
./ourcar/dr._phil/05.jpg,./ourcar/denzel_washington_caricature/09.jpg,0
./ourcar/dr._phil/05.jpg,./ourcar/sarah_palin_caricature/20.jpg,0
./ourcar/dr._phil/05.jpg,./ourcar/melania_trump_caricature/17.jpg,0
./ourcar/dr._phil/05.jpg,./ourcar/alexandria_ocasio-cortez_caricature/06.jpg,0
./ourcar/dr._phil/05.jpg,./ourcar/mao_caricature/03.jpg,0
./ourcar/david_tennant/06.jpg,./ourcar/david_tennant_caricature/08.jpg,1
./ourcar/david_tennant/06.jpg,./ourcar/david_tennant_caricature/07.jpg,1
./ourcar/david_tennant/06.jpg,./ourcar/david_tennant_caricature/05.jpg,1
./ourcar/david_tennant/06.jpg,./ourcar/david_tennant_caricature/09.jpg,1
./ourcar/david_tennant/06.jpg,./ourcar/david_tennant_caricature/01.jpg,1
./ourcar/david_tennant/06.jpg,./ourcar/denzel_washington_caricature/01.jpg,0
./ourcar/david_tennant/06.jpg,./ourcar/bill_clinton_caricature/10.jpg,0
./ourcar/david_tennant/06.jpg,./ourcar/rainn_wilson_caricature/01.jpg,0
./ourcar/david_tennant/06.jpg,./ourcar/betty_white_caricature/02.jpg,0
./ourcar/david_tennant/06.jpg,./ourcar/kaley_cuoco_caricature/02.jpg,0
./ourcar/david_tennant/08.jpg,./ourcar/david_tennant_caricature/08.jpg,1
./ourcar/david_tennant/08.jpg,./ourcar/david_tennant_caricature/07.jpg,1
./ourcar/david_tennant/08.jpg,./ourcar/david_tennant_caricature/05.jpg,1
./ourcar/david_tennant/08.jpg,./ourcar/david_tennant_caricature/09.jpg,1
./ourcar/david_tennant/08.jpg,./ourcar/david_tennant_caricature/01.jpg,1
./ourcar/david_tennant/08.jpg,./ourcar/yao_ming_caricature/09.jpg,0
./ourcar/david_tennant/08.jpg,./ourcar/bill_clinton_caricature/04.jpg,0
./ourcar/david_tennant/08.jpg,./ourcar/ben_affleck_caricature/21.jpg,0
./ourcar/david_tennant/08.jpg,./ourcar/alexandria_ocasio-cortez_caricature/02.jpg,0
./ourcar/david_tennant/08.jpg,./ourcar/ben_affleck_caricature/03.jpg,0
./ourcar/david_tennant/05.jpg,./ourcar/david_tennant_caricature/08.jpg,1
./ourcar/david_tennant/05.jpg,./ourcar/david_tennant_caricature/07.jpg,1
./ourcar/david_tennant/05.jpg,./ourcar/david_tennant_caricature/05.jpg,1
./ourcar/david_tennant/05.jpg,./ourcar/david_tennant_caricature/09.jpg,1
./ourcar/david_tennant/05.jpg,./ourcar/david_tennant_caricature/01.jpg,1
./ourcar/david_tennant/05.jpg,./ourcar/mao_caricature/07.jpg,0
./ourcar/david_tennant/05.jpg,./ourcar/dr._phil_caricature/05.jpg,0
./ourcar/david_tennant/05.jpg,./ourcar/melania_trump_caricature/17.jpg,0
./ourcar/david_tennant/05.jpg,./ourcar/kaley_cuoco_caricature/02.jpg,0
./ourcar/david_tennant/05.jpg,./ourcar/neil_patrick_harris_caricature/06.jpg,0
./ourcar/david_tennant/10.jpg,./ourcar/david_tennant_caricature/08.jpg,1
./ourcar/david_tennant/10.jpg,./ourcar/david_tennant_caricature/07.jpg,1
./ourcar/david_tennant/10.jpg,./ourcar/david_tennant_caricature/05.jpg,1
./ourcar/david_tennant/10.jpg,./ourcar/david_tennant_caricature/09.jpg,1
./ourcar/david_tennant/10.jpg,./ourcar/david_tennant_caricature/01.jpg,1
./ourcar/david_tennant/10.jpg,./ourcar/denzel_washington_caricature/03.jpg,0
./ourcar/david_tennant/10.jpg,./ourcar/xi_jinping_caricature/01.jpg,0
./ourcar/david_tennant/10.jpg,./ourcar/denzel_washington_caricature/09.jpg,0
./ourcar/david_tennant/10.jpg,./ourcar/sarah_palin_caricature/20.jpg,0
./ourcar/david_tennant/10.jpg,./ourcar/melania_trump_caricature/17.jpg,0
./ourcar/david_tennant/07.jpg,./ourcar/david_tennant_caricature/08.jpg,1
./ourcar/david_tennant/07.jpg,./ourcar/david_tennant_caricature/07.jpg,1
./ourcar/david_tennant/07.jpg,./ourcar/david_tennant_caricature/05.jpg,1
./ourcar/david_tennant/07.jpg,./ourcar/david_tennant_caricature/09.jpg,1
./ourcar/david_tennant/07.jpg,./ourcar/david_tennant_caricature/01.jpg,1
./ourcar/david_tennant/07.jpg,./ourcar/alexandria_ocasio-cortez_caricature/06.jpg,0
./ourcar/david_tennant/07.jpg,./ourcar/mao_caricature/03.jpg,0
./ourcar/david_tennant/07.jpg,./ourcar/alec_baldwin_caricature/01.jpg,0
./ourcar/david_tennant/07.jpg,./ourcar/nancy_pelosi_caricature/03.jpg,0
./ourcar/david_tennant/07.jpg,./ourcar/alfred_hitchcock_caricature/13.jpg,0
./ourcar/benedict_cumberbatch/06.jpg,./ourcar/benedict_cumberbatch_caricature/08.jpg,1
./ourcar/benedict_cumberbatch/06.jpg,./ourcar/benedict_cumberbatch_caricature/07.jpg,1
./ourcar/benedict_cumberbatch/06.jpg,./ourcar/benedict_cumberbatch_caricature/05.jpg,1
./ourcar/benedict_cumberbatch/06.jpg,./ourcar/benedict_cumberbatch_caricature/09.jpg,1
./ourcar/benedict_cumberbatch/06.jpg,./ourcar/benedict_cumberbatch_caricature/01.jpg,1
./ourcar/benedict_cumberbatch/06.jpg,./ourcar/denzel_washington_caricature/01.jpg,0
./ourcar/benedict_cumberbatch/06.jpg,./ourcar/bill_clinton_caricature/10.jpg,0
./ourcar/benedict_cumberbatch/06.jpg,./ourcar/rainn_wilson_caricature/01.jpg,0
./ourcar/benedict_cumberbatch/06.jpg,./ourcar/betty_white_caricature/02.jpg,0
./ourcar/benedict_cumberbatch/06.jpg,./ourcar/kaley_cuoco_caricature/02.jpg,0
./ourcar/benedict_cumberbatch/08.jpg,./ourcar/benedict_cumberbatch_caricature/08.jpg,1
./ourcar/benedict_cumberbatch/08.jpg,./ourcar/benedict_cumberbatch_caricature/07.jpg,1
./ourcar/benedict_cumberbatch/08.jpg,./ourcar/benedict_cumberbatch_caricature/05.jpg,1
./ourcar/benedict_cumberbatch/08.jpg,./ourcar/benedict_cumberbatch_caricature/09.jpg,1
./ourcar/benedict_cumberbatch/08.jpg,./ourcar/benedict_cumberbatch_caricature/01.jpg,1
./ourcar/benedict_cumberbatch/08.jpg,./ourcar/yao_ming_caricature/09.jpg,0
./ourcar/benedict_cumberbatch/08.jpg,./ourcar/bill_clinton_caricature/04.jpg,0
./ourcar/benedict_cumberbatch/08.jpg,./ourcar/ben_affleck_caricature/21.jpg,0
./ourcar/benedict_cumberbatch/08.jpg,./ourcar/david_tennant_caricature/08.jpg,0
./ourcar/benedict_cumberbatch/08.jpg,./ourcar/ben_affleck_caricature/03.jpg,0
./ourcar/benedict_cumberbatch/05.jpg,./ourcar/benedict_cumberbatch_caricature/08.jpg,1
./ourcar/benedict_cumberbatch/05.jpg,./ourcar/benedict_cumberbatch_caricature/07.jpg,1
./ourcar/benedict_cumberbatch/05.jpg,./ourcar/benedict_cumberbatch_caricature/05.jpg,1
./ourcar/benedict_cumberbatch/05.jpg,./ourcar/benedict_cumberbatch_caricature/09.jpg,1
./ourcar/benedict_cumberbatch/05.jpg,./ourcar/benedict_cumberbatch_caricature/01.jpg,1
./ourcar/benedict_cumberbatch/05.jpg,./ourcar/mao_caricature/07.jpg,0
./ourcar/benedict_cumberbatch/05.jpg,./ourcar/dr._phil_caricature/05.jpg,0
./ourcar/benedict_cumberbatch/05.jpg,./ourcar/melania_trump_caricature/17.jpg,0
./ourcar/benedict_cumberbatch/05.jpg,./ourcar/kaley_cuoco_caricature/02.jpg,0
./ourcar/benedict_cumberbatch/05.jpg,./ourcar/neil_patrick_harris_caricature/06.jpg,0
./ourcar/benedict_cumberbatch/10.jpg,./ourcar/benedict_cumberbatch_caricature/08.jpg,1
./ourcar/benedict_cumberbatch/10.jpg,./ourcar/benedict_cumberbatch_caricature/07.jpg,1
./ourcar/benedict_cumberbatch/10.jpg,./ourcar/benedict_cumberbatch_caricature/05.jpg,1
./ourcar/benedict_cumberbatch/10.jpg,./ourcar/benedict_cumberbatch_caricature/09.jpg,1
./ourcar/benedict_cumberbatch/10.jpg,./ourcar/benedict_cumberbatch_caricature/01.jpg,1
./ourcar/benedict_cumberbatch/10.jpg,./ourcar/denzel_washington_caricature/03.jpg,0
./ourcar/benedict_cumberbatch/10.jpg,./ourcar/xi_jinping_caricature/01.jpg,0
./ourcar/benedict_cumberbatch/10.jpg,./ourcar/denzel_washington_caricature/09.jpg,0
./ourcar/benedict_cumberbatch/10.jpg,./ourcar/sarah_palin_caricature/20.jpg,0
./ourcar/benedict_cumberbatch/10.jpg,./ourcar/melania_trump_caricature/17.jpg,0
./ourcar/benedict_cumberbatch/07.jpg,./ourcar/benedict_cumberbatch_caricature/08.jpg,1
./ourcar/benedict_cumberbatch/07.jpg,./ourcar/benedict_cumberbatch_caricature/07.jpg,1
./ourcar/benedict_cumberbatch/07.jpg,./ourcar/benedict_cumberbatch_caricature/05.jpg,1
./ourcar/benedict_cumberbatch/07.jpg,./ourcar/benedict_cumberbatch_caricature/09.jpg,1
./ourcar/benedict_cumberbatch/07.jpg,./ourcar/benedict_cumberbatch_caricature/01.jpg,1
./ourcar/benedict_cumberbatch/07.jpg,./ourcar/alexandria_ocasio-cortez_caricature/06.jpg,0
./ourcar/benedict_cumberbatch/07.jpg,./ourcar/mao_caricature/03.jpg,0
./ourcar/benedict_cumberbatch/07.jpg,./ourcar/alec_baldwin_caricature/01.jpg,0
./ourcar/benedict_cumberbatch/07.jpg,./ourcar/nancy_pelosi_caricature/03.jpg,0
./ourcar/benedict_cumberbatch/07.jpg,./ourcar/alfred_hitchcock_caricature/13.jpg,0
./ourcar/alexandria_ocasio-cortez/12.jpg,./ourcar/alexandria_ocasio-cortez_caricature/07.jpg,1
./ourcar/alexandria_ocasio-cortez/12.jpg,./ourcar/alexandria_ocasio-cortez_caricature/05.jpg,1
./ourcar/alexandria_ocasio-cortez/12.jpg,./ourcar/alexandria_ocasio-cortez_caricature/04.jpg,1
./ourcar/alexandria_ocasio-cortez/12.jpg,./ourcar/alexandria_ocasio-cortez_caricature/01.jpg,1
./ourcar/alexandria_ocasio-cortez/12.jpg,./ourcar/alexandria_ocasio-cortez_caricature/06.jpg,1
./ourcar/alexandria_ocasio-cortez/12.jpg,./ourcar/denzel_washington_caricature/01.jpg,0
./ourcar/alexandria_ocasio-cortez/12.jpg,./ourcar/bill_clinton_caricature/10.jpg,0
./ourcar/alexandria_ocasio-cortez/12.jpg,./ourcar/rainn_wilson_caricature/01.jpg,0
./ourcar/alexandria_ocasio-cortez/12.jpg,./ourcar/betty_white_caricature/02.jpg,0
./ourcar/alexandria_ocasio-cortez/12.jpg,./ourcar/kaley_cuoco_caricature/02.jpg,0
./ourcar/alexandria_ocasio-cortez/07.jpg,./ourcar/alexandria_ocasio-cortez_caricature/07.jpg,1
./ourcar/alexandria_ocasio-cortez/07.jpg,./ourcar/alexandria_ocasio-cortez_caricature/05.jpg,1
./ourcar/alexandria_ocasio-cortez/07.jpg,./ourcar/alexandria_ocasio-cortez_caricature/04.jpg,1
./ourcar/alexandria_ocasio-cortez/07.jpg,./ourcar/alexandria_ocasio-cortez_caricature/01.jpg,1
./ourcar/alexandria_ocasio-cortez/07.jpg,./ourcar/alexandria_ocasio-cortez_caricature/06.jpg,1
./ourcar/alexandria_ocasio-cortez/07.jpg,./ourcar/yao_ming_caricature/09.jpg,0
./ourcar/alexandria_ocasio-cortez/07.jpg,./ourcar/bill_clinton_caricature/04.jpg,0
./ourcar/alexandria_ocasio-cortez/07.jpg,./ourcar/ben_affleck_caricature/21.jpg,0
./ourcar/alexandria_ocasio-cortez/07.jpg,./ourcar/david_tennant_caricature/08.jpg,0
./ourcar/alexandria_ocasio-cortez/07.jpg,./ourcar/ben_affleck_caricature/03.jpg,0
./ourcar/alexandria_ocasio-cortez/05.jpg,./ourcar/alexandria_ocasio-cortez_caricature/07.jpg,1
./ourcar/alexandria_ocasio-cortez/05.jpg,./ourcar/alexandria_ocasio-cortez_caricature/05.jpg,1
./ourcar/alexandria_ocasio-cortez/05.jpg,./ourcar/alexandria_ocasio-cortez_caricature/04.jpg,1
./ourcar/alexandria_ocasio-cortez/05.jpg,./ourcar/alexandria_ocasio-cortez_caricature/01.jpg,1
./ourcar/alexandria_ocasio-cortez/05.jpg,./ourcar/alexandria_ocasio-cortez_caricature/06.jpg,1
./ourcar/alexandria_ocasio-cortez/05.jpg,./ourcar/mao_caricature/07.jpg,0
./ourcar/alexandria_ocasio-cortez/05.jpg,./ourcar/dr._phil_caricature/05.jpg,0
./ourcar/alexandria_ocasio-cortez/05.jpg,./ourcar/melania_trump_caricature/17.jpg,0
./ourcar/alexandria_ocasio-cortez/05.jpg,./ourcar/kaley_cuoco_caricature/02.jpg,0
./ourcar/alexandria_ocasio-cortez/05.jpg,./ourcar/neil_patrick_harris_caricature/06.jpg,0
./ourcar/alexandria_ocasio-cortez/06.jpg,./ourcar/alexandria_ocasio-cortez_caricature/07.jpg,1
./ourcar/alexandria_ocasio-cortez/06.jpg,./ourcar/alexandria_ocasio-cortez_caricature/05.jpg,1
./ourcar/alexandria_ocasio-cortez/06.jpg,./ourcar/alexandria_ocasio-cortez_caricature/04.jpg,1
./ourcar/alexandria_ocasio-cortez/06.jpg,./ourcar/alexandria_ocasio-cortez_caricature/01.jpg,1
./ourcar/alexandria_ocasio-cortez/06.jpg,./ourcar/alexandria_ocasio-cortez_caricature/06.jpg,1
./ourcar/alexandria_ocasio-cortez/06.jpg,./ourcar/denzel_washington_caricature/03.jpg,0
./ourcar/alexandria_ocasio-cortez/06.jpg,./ourcar/xi_jinping_caricature/01.jpg,0
./ourcar/alexandria_ocasio-cortez/06.jpg,./ourcar/denzel_washington_caricature/09.jpg,0
./ourcar/alexandria_ocasio-cortez/06.jpg,./ourcar/sarah_palin_caricature/20.jpg,0
./ourcar/alexandria_ocasio-cortez/06.jpg,./ourcar/melania_trump_caricature/17.jpg,0
./ourcar/alexandria_ocasio-cortez/10.jpg,./ourcar/alexandria_ocasio-cortez_caricature/07.jpg,1
./ourcar/alexandria_ocasio-cortez/10.jpg,./ourcar/alexandria_ocasio-cortez_caricature/05.jpg,1
./ourcar/alexandria_ocasio-cortez/10.jpg,./ourcar/alexandria_ocasio-cortez_caricature/04.jpg,1
./ourcar/alexandria_ocasio-cortez/10.jpg,./ourcar/alexandria_ocasio-cortez_caricature/01.jpg,1
./ourcar/alexandria_ocasio-cortez/10.jpg,./ourcar/alexandria_ocasio-cortez_caricature/06.jpg,1
./ourcar/alexandria_ocasio-cortez/10.jpg,./ourcar/bill_clinton_caricature/01.jpg,0
./ourcar/alexandria_ocasio-cortez/10.jpg,./ourcar/neil_patrick_harris_caricature/08.jpg,0
./ourcar/alexandria_ocasio-cortez/10.jpg,./ourcar/nancy_pelosi_caricature/03.jpg,0
./ourcar/alexandria_ocasio-cortez/10.jpg,./ourcar/alfred_hitchcock_caricature/13.jpg,0
./ourcar/alexandria_ocasio-cortez/10.jpg,./ourcar/xi_jinping_caricature/16.jpg,0
./ourcar/alfred_hitchcock/02.jpg,./ourcar/alfred_hitchcock_caricature/12.jpg,1
./ourcar/alfred_hitchcock/02.jpg,./ourcar/alfred_hitchcock_caricature/20.jpg,1
./ourcar/alfred_hitchcock/02.jpg,./ourcar/alfred_hitchcock_caricature/04.jpg,1
./ourcar/alfred_hitchcock/02.jpg,./ourcar/alfred_hitchcock_caricature/07.jpg,1
./ourcar/alfred_hitchcock/02.jpg,./ourcar/alfred_hitchcock_caricature/11.jpg,1
./ourcar/alfred_hitchcock/02.jpg,./ourcar/xi_jinping_caricature/01.jpg,0
./ourcar/alfred_hitchcock/02.jpg,./ourcar/melania_trump_caricature/10.jpg,0
./ourcar/alfred_hitchcock/02.jpg,./ourcar/fergie_caricature/07.jpg,0
./ourcar/alfred_hitchcock/02.jpg,./ourcar/neil_patrick_harris_caricature/06.jpg,0
./ourcar/alfred_hitchcock/02.jpg,./ourcar/denzel_washington_caricature/03.jpg,0
./ourcar/alfred_hitchcock/13.jpg,./ourcar/alfred_hitchcock_caricature/12.jpg,1
./ourcar/alfred_hitchcock/13.jpg,./ourcar/alfred_hitchcock_caricature/20.jpg,1
./ourcar/alfred_hitchcock/13.jpg,./ourcar/alfred_hitchcock_caricature/04.jpg,1
./ourcar/alfred_hitchcock/13.jpg,./ourcar/alfred_hitchcock_caricature/07.jpg,1
./ourcar/alfred_hitchcock/13.jpg,./ourcar/alfred_hitchcock_caricature/11.jpg,1
./ourcar/alfred_hitchcock/13.jpg,./ourcar/xi_jinping_caricature/01.jpg,0
./ourcar/alfred_hitchcock/13.jpg,./ourcar/denzel_washington_caricature/09.jpg,0
./ourcar/alfred_hitchcock/13.jpg,./ourcar/sarah_palin_caricature/20.jpg,0
./ourcar/alfred_hitchcock/13.jpg,./ourcar/melania_trump_caricature/17.jpg,0
./ourcar/alfred_hitchcock/13.jpg,./ourcar/alexandria_ocasio-cortez_caricature/06.jpg,0
./ourcar/alfred_hitchcock/06.jpg,./ourcar/alfred_hitchcock_caricature/12.jpg,1
./ourcar/alfred_hitchcock/06.jpg,./ourcar/alfred_hitchcock_caricature/20.jpg,1
./ourcar/alfred_hitchcock/06.jpg,./ourcar/alfred_hitchcock_caricature/04.jpg,1
./ourcar/alfred_hitchcock/06.jpg,./ourcar/alfred_hitchcock_caricature/07.jpg,1
./ourcar/alfred_hitchcock/06.jpg,./ourcar/alfred_hitchcock_caricature/11.jpg,1
./ourcar/alfred_hitchcock/06.jpg,./ourcar/mao_caricature/03.jpg,0
./ourcar/alfred_hitchcock/06.jpg,./ourcar/alec_baldwin_caricature/01.jpg,0
./ourcar/alfred_hitchcock/06.jpg,./ourcar/nancy_pelosi_caricature/03.jpg,0
./ourcar/alfred_hitchcock/06.jpg,./ourcar/dr._phil_caricature/07.jpg,0
./ourcar/alfred_hitchcock/06.jpg,./ourcar/kaley_cuoco_caricature/07.jpg,0
./ourcar/alfred_hitchcock/21.jpg,./ourcar/alfred_hitchcock_caricature/12.jpg,1
./ourcar/alfred_hitchcock/21.jpg,./ourcar/alfred_hitchcock_caricature/20.jpg,1
./ourcar/alfred_hitchcock/21.jpg,./ourcar/alfred_hitchcock_caricature/04.jpg,1
./ourcar/alfred_hitchcock/21.jpg,./ourcar/alfred_hitchcock_caricature/07.jpg,1
./ourcar/alfred_hitchcock/21.jpg,./ourcar/alfred_hitchcock_caricature/11.jpg,1
./ourcar/alfred_hitchcock/21.jpg,./ourcar/sarah_palin_caricature/19.jpg,0
./ourcar/alfred_hitchcock/21.jpg,./ourcar/benedict_cumberbatch_caricature/07.jpg,0
./ourcar/alfred_hitchcock/21.jpg,./ourcar/melania_trump_caricature/13.jpg,0
./ourcar/alfred_hitchcock/21.jpg,./ourcar/alec_baldwin_caricature/05.jpg,0
./ourcar/alfred_hitchcock/21.jpg,./ourcar/bill_clinton_caricature/01.jpg,0
./ourcar/alfred_hitchcock/24.jpg,./ourcar/alfred_hitchcock_caricature/12.jpg,1
./ourcar/alfred_hitchcock/24.jpg,./ourcar/alfred_hitchcock_caricature/20.jpg,1
./ourcar/alfred_hitchcock/24.jpg,./ourcar/alfred_hitchcock_caricature/04.jpg,1
./ourcar/alfred_hitchcock/24.jpg,./ourcar/alfred_hitchcock_caricature/07.jpg,1
./ourcar/alfred_hitchcock/24.jpg,./ourcar/alfred_hitchcock_caricature/11.jpg,1
./ourcar/alfred_hitchcock/24.jpg,./ourcar/fergie_caricature/05.jpg,0
./ourcar/alfred_hitchcock/24.jpg,./ourcar/denzel_washington_caricature/01.jpg,0
./ourcar/alfred_hitchcock/24.jpg,./ourcar/benedict_cumberbatch_caricature/06.jpg,0
./ourcar/alfred_hitchcock/24.jpg,./ourcar/xi_jinping_caricature/16.jpg,0
./ourcar/alfred_hitchcock/24.jpg,./ourcar/sarah_palin_caricature/11.jpg,0
./ourcar/kaley_cuoco/08.jpg,./ourcar/kaley_cuoco_caricature/07.jpg,1
./ourcar/kaley_cuoco/08.jpg,./ourcar/kaley_cuoco_caricature/01.jpg,1
./ourcar/kaley_cuoco/08.jpg,./ourcar/kaley_cuoco_caricature/05.jpg,1
./ourcar/kaley_cuoco/08.jpg,./ourcar/kaley_cuoco_caricature/03.jpg,1
./ourcar/kaley_cuoco/08.jpg,./ourcar/kaley_cuoco_caricature/04.jpg,1
./ourcar/kaley_cuoco/08.jpg,./ourcar/neil_patrick_harris_caricature/03.jpg,0
./ourcar/kaley_cuoco/08.jpg,./ourcar/mao_caricature/01.jpg,0
./ourcar/kaley_cuoco/08.jpg,./ourcar/alfred_hitchcock_caricature/17.jpg,0
./ourcar/kaley_cuoco/08.jpg,./ourcar/fergie_caricature/03.jpg,0
./ourcar/kaley_cuoco/08.jpg,./ourcar/denzel_washington_caricature/01.jpg,0
./ourcar/kaley_cuoco/04.jpg,./ourcar/kaley_cuoco_caricature/07.jpg,1
./ourcar/kaley_cuoco/04.jpg,./ourcar/kaley_cuoco_caricature/01.jpg,1
./ourcar/kaley_cuoco/04.jpg,./ourcar/kaley_cuoco_caricature/05.jpg,1
./ourcar/kaley_cuoco/04.jpg,./ourcar/kaley_cuoco_caricature/03.jpg,1
./ourcar/kaley_cuoco/04.jpg,./ourcar/kaley_cuoco_caricature/04.jpg,1
./ourcar/kaley_cuoco/04.jpg,./ourcar/bill_clinton_caricature/10.jpg,0
./ourcar/kaley_cuoco/04.jpg,./ourcar/rainn_wilson_caricature/01.jpg,0
./ourcar/kaley_cuoco/04.jpg,./ourcar/betty_white_caricature/02.jpg,0
./ourcar/kaley_cuoco/04.jpg,./ourcar/yao_ming_caricature/09.jpg,0
./ourcar/kaley_cuoco/04.jpg,./ourcar/bill_clinton_caricature/04.jpg,0
./ourcar/kaley_cuoco/06.jpg,./ourcar/kaley_cuoco_caricature/07.jpg,1
./ourcar/kaley_cuoco/06.jpg,./ourcar/kaley_cuoco_caricature/01.jpg,1
./ourcar/kaley_cuoco/06.jpg,./ourcar/kaley_cuoco_caricature/05.jpg,1
./ourcar/kaley_cuoco/06.jpg,./ourcar/kaley_cuoco_caricature/03.jpg,1
./ourcar/kaley_cuoco/06.jpg,./ourcar/kaley_cuoco_caricature/04.jpg,1
./ourcar/kaley_cuoco/06.jpg,./ourcar/ben_affleck_caricature/21.jpg,0
./ourcar/kaley_cuoco/06.jpg,./ourcar/david_tennant_caricature/08.jpg,0
./ourcar/kaley_cuoco/06.jpg,./ourcar/ben_affleck_caricature/03.jpg,0
./ourcar/kaley_cuoco/06.jpg,./ourcar/mao_caricature/07.jpg,0
./ourcar/kaley_cuoco/06.jpg,./ourcar/dr._phil_caricature/05.jpg,0
./ourcar/kaley_cuoco/09.jpg,./ourcar/kaley_cuoco_caricature/07.jpg,1
./ourcar/kaley_cuoco/09.jpg,./ourcar/kaley_cuoco_caricature/01.jpg,1
./ourcar/kaley_cuoco/09.jpg,./ourcar/kaley_cuoco_caricature/05.jpg,1
./ourcar/kaley_cuoco/09.jpg,./ourcar/kaley_cuoco_caricature/03.jpg,1
./ourcar/kaley_cuoco/09.jpg,./ourcar/kaley_cuoco_caricature/04.jpg,1
./ourcar/kaley_cuoco/09.jpg,./ourcar/melania_trump_caricature/17.jpg,0
./ourcar/kaley_cuoco/09.jpg,./ourcar/neil_patrick_harris_caricature/06.jpg,0
./ourcar/kaley_cuoco/09.jpg,./ourcar/denzel_washington_caricature/03.jpg,0
./ourcar/kaley_cuoco/09.jpg,./ourcar/xi_jinping_caricature/01.jpg,0
./ourcar/kaley_cuoco/09.jpg,./ourcar/denzel_washington_caricature/09.jpg,0
./ourcar/kaley_cuoco/02.jpg,./ourcar/kaley_cuoco_caricature/07.jpg,1
./ourcar/kaley_cuoco/02.jpg,./ourcar/kaley_cuoco_caricature/01.jpg,1
./ourcar/kaley_cuoco/02.jpg,./ourcar/kaley_cuoco_caricature/05.jpg,1
./ourcar/kaley_cuoco/02.jpg,./ourcar/kaley_cuoco_caricature/03.jpg,1
./ourcar/kaley_cuoco/02.jpg,./ourcar/kaley_cuoco_caricature/04.jpg,1
./ourcar/kaley_cuoco/02.jpg,./ourcar/sarah_palin_caricature/20.jpg,0
./ourcar/kaley_cuoco/02.jpg,./ourcar/melania_trump_caricature/17.jpg,0
./ourcar/kaley_cuoco/02.jpg,./ourcar/alexandria_ocasio-cortez_caricature/06.jpg,0
./ourcar/kaley_cuoco/02.jpg,./ourcar/mao_caricature/03.jpg,0
./ourcar/kaley_cuoco/02.jpg,./ourcar/alec_baldwin_caricature/01.jpg,0
./ourcar/nancy_pelosi/01.jpg,./ourcar/nancy_pelosi_caricature/07.jpg,1
./ourcar/nancy_pelosi/01.jpg,./ourcar/nancy_pelosi_caricature/02.jpg,1
./ourcar/nancy_pelosi/01.jpg,./ourcar/nancy_pelosi_caricature/05.jpg,1
./ourcar/nancy_pelosi/01.jpg,./ourcar/nancy_pelosi_caricature/04.jpg,1
./ourcar/nancy_pelosi/01.jpg,./ourcar/nancy_pelosi_caricature/03.jpg,1
./ourcar/nancy_pelosi/01.jpg,./ourcar/neil_patrick_harris_caricature/03.jpg,0
./ourcar/nancy_pelosi/01.jpg,./ourcar/mao_caricature/01.jpg,0
./ourcar/nancy_pelosi/01.jpg,./ourcar/alfred_hitchcock_caricature/17.jpg,0
./ourcar/nancy_pelosi/01.jpg,./ourcar/fergie_caricature/03.jpg,0
./ourcar/nancy_pelosi/01.jpg,./ourcar/denzel_washington_caricature/01.jpg,0
./ourcar/nancy_pelosi/07.jpg,./ourcar/nancy_pelosi_caricature/07.jpg,1
./ourcar/nancy_pelosi/07.jpg,./ourcar/nancy_pelosi_caricature/02.jpg,1
./ourcar/nancy_pelosi/07.jpg,./ourcar/nancy_pelosi_caricature/05.jpg,1
./ourcar/nancy_pelosi/07.jpg,./ourcar/nancy_pelosi_caricature/04.jpg,1
./ourcar/nancy_pelosi/07.jpg,./ourcar/nancy_pelosi_caricature/03.jpg,1
./ourcar/nancy_pelosi/07.jpg,./ourcar/bill_clinton_caricature/10.jpg,0
./ourcar/nancy_pelosi/07.jpg,./ourcar/rainn_wilson_caricature/01.jpg,0
./ourcar/nancy_pelosi/07.jpg,./ourcar/betty_white_caricature/02.jpg,0
./ourcar/nancy_pelosi/07.jpg,./ourcar/kaley_cuoco_caricature/02.jpg,0
./ourcar/nancy_pelosi/07.jpg,./ourcar/yao_ming_caricature/09.jpg,0
./ourcar/nancy_pelosi/04.jpg,./ourcar/nancy_pelosi_caricature/07.jpg,1
./ourcar/nancy_pelosi/04.jpg,./ourcar/nancy_pelosi_caricature/02.jpg,1
./ourcar/nancy_pelosi/04.jpg,./ourcar/nancy_pelosi_caricature/05.jpg,1
./ourcar/nancy_pelosi/04.jpg,./ourcar/nancy_pelosi_caricature/04.jpg,1
./ourcar/nancy_pelosi/04.jpg,./ourcar/nancy_pelosi_caricature/03.jpg,1
./ourcar/nancy_pelosi/04.jpg,./ourcar/bill_clinton_caricature/04.jpg,0
./ourcar/nancy_pelosi/04.jpg,./ourcar/ben_affleck_caricature/21.jpg,0
./ourcar/nancy_pelosi/04.jpg,./ourcar/david_tennant_caricature/08.jpg,0
./ourcar/nancy_pelosi/04.jpg,./ourcar/ben_affleck_caricature/03.jpg,0
./ourcar/nancy_pelosi/04.jpg,./ourcar/mao_caricature/07.jpg,0
./ourcar/nancy_pelosi/05.jpg,./ourcar/nancy_pelosi_caricature/07.jpg,1
./ourcar/nancy_pelosi/05.jpg,./ourcar/nancy_pelosi_caricature/02.jpg,1
./ourcar/nancy_pelosi/05.jpg,./ourcar/nancy_pelosi_caricature/05.jpg,1
./ourcar/nancy_pelosi/05.jpg,./ourcar/nancy_pelosi_caricature/04.jpg,1
./ourcar/nancy_pelosi/05.jpg,./ourcar/nancy_pelosi_caricature/03.jpg,1
./ourcar/nancy_pelosi/05.jpg,./ourcar/dr._phil_caricature/05.jpg,0
./ourcar/nancy_pelosi/05.jpg,./ourcar/melania_trump_caricature/17.jpg,0
./ourcar/nancy_pelosi/05.jpg,./ourcar/kaley_cuoco_caricature/02.jpg,0
./ourcar/nancy_pelosi/05.jpg,./ourcar/neil_patrick_harris_caricature/06.jpg,0
./ourcar/nancy_pelosi/05.jpg,./ourcar/denzel_washington_caricature/03.jpg,0
./ourcar/nancy_pelosi/02.jpg,./ourcar/nancy_pelosi_caricature/07.jpg,1
./ourcar/nancy_pelosi/02.jpg,./ourcar/nancy_pelosi_caricature/02.jpg,1
./ourcar/nancy_pelosi/02.jpg,./ourcar/nancy_pelosi_caricature/05.jpg,1
./ourcar/nancy_pelosi/02.jpg,./ourcar/nancy_pelosi_caricature/04.jpg,1
./ourcar/nancy_pelosi/02.jpg,./ourcar/nancy_pelosi_caricature/03.jpg,1
./ourcar/nancy_pelosi/02.jpg,./ourcar/xi_jinping_caricature/01.jpg,0
./ourcar/nancy_pelosi/02.jpg,./ourcar/denzel_washington_caricature/09.jpg,0
./ourcar/nancy_pelosi/02.jpg,./ourcar/sarah_palin_caricature/20.jpg,0
./ourcar/nancy_pelosi/02.jpg,./ourcar/melania_trump_caricature/17.jpg,0
./ourcar/nancy_pelosi/02.jpg,./ourcar/alexandria_ocasio-cortez_caricature/06.jpg,0
./ourcar/ben_affleck/06.jpg,./ourcar/ben_affleck_caricature/21.jpg,1
./ourcar/ben_affleck/06.jpg,./ourcar/ben_affleck_caricature/01.jpg,1
./ourcar/ben_affleck/06.jpg,./ourcar/ben_affleck_caricature/03.jpg,1
./ourcar/ben_affleck/06.jpg,./ourcar/ben_affleck_caricature/16.jpg,1
./ourcar/ben_affleck/06.jpg,./ourcar/ben_affleck_caricature/02.jpg,1
./ourcar/ben_affleck/06.jpg,./ourcar/eddie_murphy_caricature/09.jpg,0
./ourcar/ben_affleck/06.jpg,./ourcar/yao_ming_caricature/09.jpg,0
./ourcar/ben_affleck/06.jpg,./ourcar/bill_clinton_caricature/04.jpg,0
./ourcar/ben_affleck/06.jpg,./ourcar/kaley_cuoco_caricature/01.jpg,0
./ourcar/ben_affleck/06.jpg,./ourcar/alexandria_ocasio-cortez_caricature/02.jpg,0
./ourcar/ben_affleck/12.jpg,./ourcar/ben_affleck_caricature/21.jpg,1
./ourcar/ben_affleck/12.jpg,./ourcar/ben_affleck_caricature/01.jpg,1
./ourcar/ben_affleck/12.jpg,./ourcar/ben_affleck_caricature/03.jpg,1
./ourcar/ben_affleck/12.jpg,./ourcar/ben_affleck_caricature/16.jpg,1
./ourcar/ben_affleck/12.jpg,./ourcar/ben_affleck_caricature/02.jpg,1
./ourcar/ben_affleck/12.jpg,./ourcar/dr._phil_caricature/03.jpg,0
./ourcar/ben_affleck/12.jpg,./ourcar/xi_jinping_caricature/01.jpg,0
./ourcar/ben_affleck/12.jpg,./ourcar/melania_trump_caricature/10.jpg,0
./ourcar/ben_affleck/12.jpg,./ourcar/fergie_caricature/07.jpg,0
./ourcar/ben_affleck/12.jpg,./ourcar/neil_patrick_harris_caricature/06.jpg,0
./ourcar/ben_affleck/22.jpg,./ourcar/ben_affleck_caricature/21.jpg,1
./ourcar/ben_affleck/22.jpg,./ourcar/ben_affleck_caricature/01.jpg,1
./ourcar/ben_affleck/22.jpg,./ourcar/ben_affleck_caricature/03.jpg,1
./ourcar/ben_affleck/22.jpg,./ourcar/ben_affleck_caricature/16.jpg,1
./ourcar/ben_affleck/22.jpg,./ourcar/ben_affleck_caricature/02.jpg,1
./ourcar/ben_affleck/22.jpg,./ourcar/denzel_washington_caricature/03.jpg,0
./ourcar/ben_affleck/22.jpg,./ourcar/xi_jinping_caricature/01.jpg,0
./ourcar/ben_affleck/22.jpg,./ourcar/denzel_washington_caricature/09.jpg,0
./ourcar/ben_affleck/22.jpg,./ourcar/sarah_palin_caricature/20.jpg,0
./ourcar/ben_affleck/22.jpg,./ourcar/melania_trump_caricature/17.jpg,0
./ourcar/ben_affleck/04.jpg,./ourcar/ben_affleck_caricature/21.jpg,1
./ourcar/ben_affleck/04.jpg,./ourcar/ben_affleck_caricature/01.jpg,1
./ourcar/ben_affleck/04.jpg,./ourcar/ben_affleck_caricature/03.jpg,1
./ourcar/ben_affleck/04.jpg,./ourcar/ben_affleck_caricature/16.jpg,1
./ourcar/ben_affleck/04.jpg,./ourcar/ben_affleck_caricature/02.jpg,1
./ourcar/ben_affleck/04.jpg,./ourcar/alexandria_ocasio-cortez_caricature/06.jpg,0
./ourcar/ben_affleck/04.jpg,./ourcar/mao_caricature/03.jpg,0
./ourcar/ben_affleck/04.jpg,./ourcar/alec_baldwin_caricature/01.jpg,0
./ourcar/ben_affleck/04.jpg,./ourcar/nancy_pelosi_caricature/03.jpg,0
./ourcar/ben_affleck/04.jpg,./ourcar/alfred_hitchcock_caricature/13.jpg,0
./ourcar/ben_affleck/21.jpg,./ourcar/ben_affleck_caricature/21.jpg,1
./ourcar/ben_affleck/21.jpg,./ourcar/ben_affleck_caricature/01.jpg,1
./ourcar/ben_affleck/21.jpg,./ourcar/ben_affleck_caricature/03.jpg,1
./ourcar/ben_affleck/21.jpg,./ourcar/ben_affleck_caricature/16.jpg,1
./ourcar/ben_affleck/21.jpg,./ourcar/ben_affleck_caricature/02.jpg,1
./ourcar/ben_affleck/21.jpg,./ourcar/xi_jinping_caricature/16.jpg,0
./ourcar/ben_affleck/21.jpg,./ourcar/betty_white_caricature/05.jpg,0
./ourcar/ben_affleck/21.jpg,./ourcar/benedict_cumberbatch_caricature/07.jpg,0
./ourcar/ben_affleck/21.jpg,./ourcar/melania_trump_caricature/13.jpg,0
./ourcar/ben_affleck/21.jpg,./ourcar/alec_baldwin_caricature/05.jpg,0
./ourcar/melania_trump/10.jpg,./ourcar/melania_trump_caricature/01.jpg,1
./ourcar/melania_trump/10.jpg,./ourcar/melania_trump_caricature/11.jpg,1
./ourcar/melania_trump/10.jpg,./ourcar/melania_trump_caricature/10.jpg,1
./ourcar/melania_trump/10.jpg,./ourcar/melania_trump_caricature/13.jpg,1
./ourcar/melania_trump/10.jpg,./ourcar/melania_trump_caricature/17.jpg,1
./ourcar/melania_trump/10.jpg,./ourcar/alfred_hitchcock_caricature/20.jpg,0
./ourcar/melania_trump/10.jpg,./ourcar/eddie_murphy_caricature/09.jpg,0
./ourcar/melania_trump/10.jpg,./ourcar/yao_ming_caricature/09.jpg,0
./ourcar/melania_trump/10.jpg,./ourcar/bill_clinton_caricature/04.jpg,0
./ourcar/melania_trump/10.jpg,./ourcar/ben_affleck_caricature/21.jpg,0
./ourcar/melania_trump/06.jpg,./ourcar/melania_trump_caricature/01.jpg,1
./ourcar/melania_trump/06.jpg,./ourcar/melania_trump_caricature/11.jpg,1
./ourcar/melania_trump/06.jpg,./ourcar/melania_trump_caricature/10.jpg,1
./ourcar/melania_trump/06.jpg,./ourcar/melania_trump_caricature/13.jpg,1
./ourcar/melania_trump/06.jpg,./ourcar/melania_trump_caricature/17.jpg,1
./ourcar/melania_trump/06.jpg,./ourcar/david_tennant_caricature/08.jpg,0
./ourcar/melania_trump/06.jpg,./ourcar/ben_affleck_caricature/03.jpg,0
./ourcar/melania_trump/06.jpg,./ourcar/mao_caricature/07.jpg,0
./ourcar/melania_trump/06.jpg,./ourcar/dr._phil_caricature/05.jpg,0
./ourcar/melania_trump/06.jpg,./ourcar/fergie_caricature/07.jpg,0
./ourcar/melania_trump/21.jpg,./ourcar/melania_trump_caricature/01.jpg,1
./ourcar/melania_trump/21.jpg,./ourcar/melania_trump_caricature/11.jpg,1
./ourcar/melania_trump/21.jpg,./ourcar/melania_trump_caricature/10.jpg,1
./ourcar/melania_trump/21.jpg,./ourcar/melania_trump_caricature/13.jpg,1
./ourcar/melania_trump/21.jpg,./ourcar/melania_trump_caricature/17.jpg,1
./ourcar/melania_trump/21.jpg,./ourcar/neil_patrick_harris_caricature/06.jpg,0
./ourcar/melania_trump/21.jpg,./ourcar/denzel_washington_caricature/03.jpg,0
./ourcar/melania_trump/21.jpg,./ourcar/xi_jinping_caricature/01.jpg,0
./ourcar/melania_trump/21.jpg,./ourcar/denzel_washington_caricature/09.jpg,0
./ourcar/melania_trump/21.jpg,./ourcar/sarah_palin_caricature/20.jpg,0
./ourcar/melania_trump/16.jpg,./ourcar/melania_trump_caricature/01.jpg,1
./ourcar/melania_trump/16.jpg,./ourcar/melania_trump_caricature/11.jpg,1
./ourcar/melania_trump/16.jpg,./ourcar/melania_trump_caricature/10.jpg,1
./ourcar/melania_trump/16.jpg,./ourcar/melania_trump_caricature/13.jpg,1
./ourcar/melania_trump/16.jpg,./ourcar/melania_trump_caricature/17.jpg,1
./ourcar/melania_trump/16.jpg,./ourcar/eddie_murphy_caricature/08.jpg,0
./ourcar/melania_trump/16.jpg,./ourcar/bill_clinton_caricature/01.jpg,0
./ourcar/melania_trump/16.jpg,./ourcar/neil_patrick_harris_caricature/08.jpg,0
./ourcar/melania_trump/16.jpg,./ourcar/nancy_pelosi_caricature/03.jpg,0
./ourcar/melania_trump/16.jpg,./ourcar/alfred_hitchcock_caricature/13.jpg,0
./ourcar/melania_trump/08.jpg,./ourcar/melania_trump_caricature/01.jpg,1
./ourcar/melania_trump/08.jpg,./ourcar/melania_trump_caricature/11.jpg,1
./ourcar/melania_trump/08.jpg,./ourcar/melania_trump_caricature/10.jpg,1
./ourcar/melania_trump/08.jpg,./ourcar/melania_trump_caricature/13.jpg,1
./ourcar/melania_trump/08.jpg,./ourcar/melania_trump_caricature/17.jpg,1
./ourcar/melania_trump/08.jpg,./ourcar/xi_jinping_caricature/16.jpg,0
./ourcar/melania_trump/08.jpg,./ourcar/betty_white_caricature/05.jpg,0
./ourcar/melania_trump/08.jpg,./ourcar/benedict_cumberbatch_caricature/07.jpg,0
./ourcar/melania_trump/08.jpg,./ourcar/alexandria_ocasio-cortez_caricature/06.jpg,0
./ourcar/melania_trump/08.jpg,./ourcar/kaley_cuoco_caricature/06.jpg,0
./ourcar/xi_jinping/02.jpg,./ourcar/xi_jinping_caricature/16.jpg,1
./ourcar/xi_jinping/02.jpg,./ourcar/xi_jinping_caricature/02.jpg,1
./ourcar/xi_jinping/02.jpg,./ourcar/xi_jinping_caricature/01.jpg,1
./ourcar/xi_jinping/02.jpg,./ourcar/xi_jinping_caricature/04.jpg,1
./ourcar/xi_jinping/02.jpg,./ourcar/xi_jinping_caricature/18.jpg,1
./ourcar/xi_jinping/02.jpg,./ourcar/eddie_murphy_caricature/09.jpg,0
./ourcar/xi_jinping/02.jpg,./ourcar/yao_ming_caricature/09.jpg,0
./ourcar/xi_jinping/02.jpg,./ourcar/bill_clinton_caricature/04.jpg,0
./ourcar/xi_jinping/02.jpg,./ourcar/ben_affleck_caricature/21.jpg,0
./ourcar/xi_jinping/02.jpg,./ourcar/david_tennant_caricature/08.jpg,0
./ourcar/xi_jinping/13.jpg,./ourcar/xi_jinping_caricature/16.jpg,1
./ourcar/xi_jinping/13.jpg,./ourcar/xi_jinping_caricature/02.jpg,1
./ourcar/xi_jinping/13.jpg,./ourcar/xi_jinping_caricature/01.jpg,1
./ourcar/xi_jinping/13.jpg,./ourcar/xi_jinping_caricature/04.jpg,1
./ourcar/xi_jinping/13.jpg,./ourcar/xi_jinping_caricature/18.jpg,1
./ourcar/xi_jinping/13.jpg,./ourcar/ben_affleck_caricature/03.jpg,0
./ourcar/xi_jinping/13.jpg,./ourcar/mao_caricature/07.jpg,0
./ourcar/xi_jinping/13.jpg,./ourcar/dr._phil_caricature/05.jpg,0
./ourcar/xi_jinping/13.jpg,./ourcar/melania_trump_caricature/17.jpg,0
./ourcar/xi_jinping/13.jpg,./ourcar/kaley_cuoco_caricature/02.jpg,0
./ourcar/xi_jinping/22.jpg,./ourcar/xi_jinping_caricature/16.jpg,1
./ourcar/xi_jinping/22.jpg,./ourcar/xi_jinping_caricature/02.jpg,1
./ourcar/xi_jinping/22.jpg,./ourcar/xi_jinping_caricature/01.jpg,1
./ourcar/xi_jinping/22.jpg,./ourcar/xi_jinping_caricature/04.jpg,1
./ourcar/xi_jinping/22.jpg,./ourcar/xi_jinping_caricature/18.jpg,1
./ourcar/xi_jinping/22.jpg,./ourcar/neil_patrick_harris_caricature/06.jpg,0
./ourcar/xi_jinping/22.jpg,./ourcar/denzel_washington_caricature/03.jpg,0
./ourcar/xi_jinping/22.jpg,./ourcar/mao_caricature/04.jpg,0
./ourcar/xi_jinping/22.jpg,./ourcar/nancy_pelosi_caricature/02.jpg,0
./ourcar/xi_jinping/22.jpg,./ourcar/sarah_palin_caricature/20.jpg,0
./ourcar/xi_jinping/06.jpg,./ourcar/xi_jinping_caricature/16.jpg,1
./ourcar/xi_jinping/06.jpg,./ourcar/xi_jinping_caricature/02.jpg,1
./ourcar/xi_jinping/06.jpg,./ourcar/xi_jinping_caricature/01.jpg,1
./ourcar/xi_jinping/06.jpg,./ourcar/xi_jinping_caricature/04.jpg,1
./ourcar/xi_jinping/06.jpg,./ourcar/xi_jinping_caricature/18.jpg,1
./ourcar/xi_jinping/06.jpg,./ourcar/melania_trump_caricature/17.jpg,0
./ourcar/xi_jinping/06.jpg,./ourcar/alexandria_ocasio-cortez_caricature/06.jpg,0
./ourcar/xi_jinping/06.jpg,./ourcar/mao_caricature/03.jpg,0
./ourcar/xi_jinping/06.jpg,./ourcar/alec_baldwin_caricature/01.jpg,0
./ourcar/xi_jinping/06.jpg,./ourcar/nancy_pelosi_caricature/03.jpg,0
./ourcar/xi_jinping/14.jpg,./ourcar/xi_jinping_caricature/16.jpg,1
./ourcar/xi_jinping/14.jpg,./ourcar/xi_jinping_caricature/02.jpg,1
./ourcar/xi_jinping/14.jpg,./ourcar/xi_jinping_caricature/01.jpg,1
./ourcar/xi_jinping/14.jpg,./ourcar/xi_jinping_caricature/04.jpg,1
./ourcar/xi_jinping/14.jpg,./ourcar/xi_jinping_caricature/18.jpg,1
./ourcar/xi_jinping/14.jpg,./ourcar/alfred_hitchcock_caricature/13.jpg,0
./ourcar/xi_jinping/14.jpg,./ourcar/kaley_cuoco_caricature/07.jpg,0
./ourcar/xi_jinping/14.jpg,./ourcar/sarah_palin_caricature/19.jpg,0
./ourcar/xi_jinping/14.jpg,./ourcar/benedict_cumberbatch_caricature/07.jpg,0
./ourcar/xi_jinping/14.jpg,./ourcar/melania_trump_caricature/13.jpg,0
./ourcar/rainn_wilson/01.jpg,./ourcar/rainn_wilson_caricature/04.jpg,1
./ourcar/rainn_wilson/01.jpg,./ourcar/rainn_wilson_caricature/02.jpg,1
./ourcar/rainn_wilson/01.jpg,./ourcar/rainn_wilson_caricature/05.jpg,1
./ourcar/rainn_wilson/01.jpg,./ourcar/rainn_wilson_caricature/06.jpg,1
./ourcar/rainn_wilson/01.jpg,./ourcar/rainn_wilson_caricature/03.jpg,1
./ourcar/rainn_wilson/01.jpg,./ourcar/neil_patrick_harris_caricature/03.jpg,0
./ourcar/rainn_wilson/01.jpg,./ourcar/mao_caricature/01.jpg,0
./ourcar/rainn_wilson/01.jpg,./ourcar/alfred_hitchcock_caricature/17.jpg,0
./ourcar/rainn_wilson/01.jpg,./ourcar/fergie_caricature/03.jpg,0
./ourcar/rainn_wilson/01.jpg,./ourcar/denzel_washington_caricature/01.jpg,0
./ourcar/rainn_wilson/07.jpg,./ourcar/rainn_wilson_caricature/04.jpg,1
./ourcar/rainn_wilson/07.jpg,./ourcar/rainn_wilson_caricature/02.jpg,1
./ourcar/rainn_wilson/07.jpg,./ourcar/rainn_wilson_caricature/05.jpg,1
./ourcar/rainn_wilson/07.jpg,./ourcar/rainn_wilson_caricature/06.jpg,1
./ourcar/rainn_wilson/07.jpg,./ourcar/rainn_wilson_caricature/03.jpg,1
./ourcar/rainn_wilson/07.jpg,./ourcar/bill_clinton_caricature/10.jpg,0
./ourcar/rainn_wilson/07.jpg,./ourcar/alfred_hitchcock_caricature/20.jpg,0
./ourcar/rainn_wilson/07.jpg,./ourcar/eddie_murphy_caricature/09.jpg,0
./ourcar/rainn_wilson/07.jpg,./ourcar/yao_ming_caricature/09.jpg,0
./ourcar/rainn_wilson/07.jpg,./ourcar/bill_clinton_caricature/04.jpg,0
./ourcar/rainn_wilson/04.jpg,./ourcar/rainn_wilson_caricature/04.jpg,1
./ourcar/rainn_wilson/04.jpg,./ourcar/rainn_wilson_caricature/02.jpg,1
./ourcar/rainn_wilson/04.jpg,./ourcar/rainn_wilson_caricature/05.jpg,1
./ourcar/rainn_wilson/04.jpg,./ourcar/rainn_wilson_caricature/06.jpg,1
./ourcar/rainn_wilson/04.jpg,./ourcar/rainn_wilson_caricature/03.jpg,1
./ourcar/rainn_wilson/04.jpg,./ourcar/ben_affleck_caricature/21.jpg,0
./ourcar/rainn_wilson/04.jpg,./ourcar/david_tennant_caricature/08.jpg,0
./ourcar/rainn_wilson/04.jpg,./ourcar/ben_affleck_caricature/03.jpg,0
./ourcar/rainn_wilson/04.jpg,./ourcar/mao_caricature/07.jpg,0
./ourcar/rainn_wilson/04.jpg,./ourcar/dr._phil_caricature/05.jpg,0
./ourcar/rainn_wilson/05.jpg,./ourcar/rainn_wilson_caricature/04.jpg,1
./ourcar/rainn_wilson/05.jpg,./ourcar/rainn_wilson_caricature/02.jpg,1
./ourcar/rainn_wilson/05.jpg,./ourcar/rainn_wilson_caricature/05.jpg,1
./ourcar/rainn_wilson/05.jpg,./ourcar/rainn_wilson_caricature/06.jpg,1
./ourcar/rainn_wilson/05.jpg,./ourcar/rainn_wilson_caricature/03.jpg,1
./ourcar/rainn_wilson/05.jpg,./ourcar/melania_trump_caricature/17.jpg,0
./ourcar/rainn_wilson/05.jpg,./ourcar/kaley_cuoco_caricature/02.jpg,0
./ourcar/rainn_wilson/05.jpg,./ourcar/neil_patrick_harris_caricature/06.jpg,0
./ourcar/rainn_wilson/05.jpg,./ourcar/denzel_washington_caricature/03.jpg,0
./ourcar/rainn_wilson/05.jpg,./ourcar/xi_jinping_caricature/01.jpg,0
./ourcar/rainn_wilson/02.jpg,./ourcar/rainn_wilson_caricature/04.jpg,1
./ourcar/rainn_wilson/02.jpg,./ourcar/rainn_wilson_caricature/02.jpg,1
./ourcar/rainn_wilson/02.jpg,./ourcar/rainn_wilson_caricature/05.jpg,1
./ourcar/rainn_wilson/02.jpg,./ourcar/rainn_wilson_caricature/06.jpg,1
./ourcar/rainn_wilson/02.jpg,./ourcar/rainn_wilson_caricature/03.jpg,1
./ourcar/rainn_wilson/02.jpg,./ourcar/denzel_washington_caricature/09.jpg,0
./ourcar/rainn_wilson/02.jpg,./ourcar/sarah_palin_caricature/20.jpg,0
./ourcar/rainn_wilson/02.jpg,./ourcar/melania_trump_caricature/17.jpg,0
./ourcar/rainn_wilson/02.jpg,./ourcar/alexandria_ocasio-cortez_caricature/06.jpg,0
./ourcar/rainn_wilson/02.jpg,./ourcar/mao_caricature/03.jpg,0
./ourcar/betty_white/06.jpg,./ourcar/betty_white_caricature/01.jpg,1
./ourcar/betty_white/06.jpg,./ourcar/betty_white_caricature/05.jpg,1
./ourcar/betty_white/06.jpg,./ourcar/betty_white_caricature/03.jpg,1
./ourcar/betty_white/06.jpg,./ourcar/betty_white_caricature/04.jpg,1
./ourcar/betty_white/06.jpg,./ourcar/betty_white_caricature/02.jpg,1
./ourcar/betty_white/06.jpg,./ourcar/mao_caricature/01.jpg,0
./ourcar/betty_white/06.jpg,./ourcar/alfred_hitchcock_caricature/17.jpg,0
./ourcar/betty_white/06.jpg,./ourcar/fergie_caricature/03.jpg,0
./ourcar/betty_white/06.jpg,./ourcar/denzel_washington_caricature/01.jpg,0
./ourcar/betty_white/06.jpg,./ourcar/bill_clinton_caricature/10.jpg,0
./ourcar/betty_white/08.jpg,./ourcar/betty_white_caricature/01.jpg,1
./ourcar/betty_white/08.jpg,./ourcar/betty_white_caricature/05.jpg,1
./ourcar/betty_white/08.jpg,./ourcar/betty_white_caricature/03.jpg,1
./ourcar/betty_white/08.jpg,./ourcar/betty_white_caricature/04.jpg,1
./ourcar/betty_white/08.jpg,./ourcar/betty_white_caricature/02.jpg,1
./ourcar/betty_white/08.jpg,./ourcar/rainn_wilson_caricature/01.jpg,0
./ourcar/betty_white/08.jpg,./ourcar/eddie_murphy_caricature/09.jpg,0
./ourcar/betty_white/08.jpg,./ourcar/yao_ming_caricature/09.jpg,0
./ourcar/betty_white/08.jpg,./ourcar/bill_clinton_caricature/04.jpg,0
./ourcar/betty_white/08.jpg,./ourcar/ben_affleck_caricature/21.jpg,0
./ourcar/betty_white/05.jpg,./ourcar/betty_white_caricature/01.jpg,1
./ourcar/betty_white/05.jpg,./ourcar/betty_white_caricature/05.jpg,1
./ourcar/betty_white/05.jpg,./ourcar/betty_white_caricature/03.jpg,1
./ourcar/betty_white/05.jpg,./ourcar/betty_white_caricature/04.jpg,1
./ourcar/betty_white/05.jpg,./ourcar/betty_white_caricature/02.jpg,1
./ourcar/betty_white/05.jpg,./ourcar/david_tennant_caricature/08.jpg,0
./ourcar/betty_white/05.jpg,./ourcar/ben_affleck_caricature/03.jpg,0
./ourcar/betty_white/05.jpg,./ourcar/mao_caricature/07.jpg,0
./ourcar/betty_white/05.jpg,./ourcar/dr._phil_caricature/05.jpg,0
./ourcar/betty_white/05.jpg,./ourcar/melania_trump_caricature/17.jpg,0
./ourcar/betty_white/10.jpg,./ourcar/betty_white_caricature/01.jpg,1
./ourcar/betty_white/10.jpg,./ourcar/betty_white_caricature/05.jpg,1
./ourcar/betty_white/10.jpg,./ourcar/betty_white_caricature/03.jpg,1
./ourcar/betty_white/10.jpg,./ourcar/betty_white_caricature/04.jpg,1
./ourcar/betty_white/10.jpg,./ourcar/betty_white_caricature/02.jpg,1
./ourcar/betty_white/10.jpg,./ourcar/kaley_cuoco_caricature/02.jpg,0
./ourcar/betty_white/10.jpg,./ourcar/neil_patrick_harris_caricature/06.jpg,0
./ourcar/betty_white/10.jpg,./ourcar/denzel_washington_caricature/03.jpg,0
./ourcar/betty_white/10.jpg,./ourcar/xi_jinping_caricature/01.jpg,0
./ourcar/betty_white/10.jpg,./ourcar/denzel_washington_caricature/09.jpg,0
./ourcar/betty_white/07.jpg,./ourcar/betty_white_caricature/01.jpg,1
./ourcar/betty_white/07.jpg,./ourcar/betty_white_caricature/05.jpg,1
./ourcar/betty_white/07.jpg,./ourcar/betty_white_caricature/03.jpg,1
./ourcar/betty_white/07.jpg,./ourcar/betty_white_caricature/04.jpg,1
./ourcar/betty_white/07.jpg,./ourcar/betty_white_caricature/02.jpg,1
./ourcar/betty_white/07.jpg,./ourcar/sarah_palin_caricature/20.jpg,0
./ourcar/betty_white/07.jpg,./ourcar/melania_trump_caricature/17.jpg,0
./ourcar/betty_white/07.jpg,./ourcar/alexandria_ocasio-cortez_caricature/06.jpg,0
./ourcar/betty_white/07.jpg,./ourcar/mao_caricature/03.jpg,0
./ourcar/betty_white/07.jpg,./ourcar/alec_baldwin_caricature/01.jpg,0
./ourcar/sarah_jessica_parker/10.jpg,./ourcar/sarah_jessica_parker_caricature/01.jpg,1
./ourcar/sarah_jessica_parker/10.jpg,./ourcar/sarah_jessica_parker_caricature/17.jpg,1
./ourcar/sarah_jessica_parker/10.jpg,./ourcar/sarah_jessica_parker_caricature/20.jpg,1
./ourcar/sarah_jessica_parker/10.jpg,./ourcar/sarah_jessica_parker_caricature/12.jpg,1
./ourcar/sarah_jessica_parker/10.jpg,./ourcar/sarah_jessica_parker_caricature/02.jpg,1
./ourcar/sarah_jessica_parker/10.jpg,./ourcar/alfred_hitchcock_caricature/20.jpg,0
./ourcar/sarah_jessica_parker/10.jpg,./ourcar/eddie_murphy_caricature/09.jpg,0
./ourcar/sarah_jessica_parker/10.jpg,./ourcar/yao_ming_caricature/09.jpg,0
./ourcar/sarah_jessica_parker/10.jpg,./ourcar/bill_clinton_caricature/04.jpg,0
./ourcar/sarah_jessica_parker/10.jpg,./ourcar/ben_affleck_caricature/21.jpg,0
./ourcar/sarah_jessica_parker/06.jpg,./ourcar/sarah_jessica_parker_caricature/01.jpg,1
./ourcar/sarah_jessica_parker/06.jpg,./ourcar/sarah_jessica_parker_caricature/17.jpg,1
./ourcar/sarah_jessica_parker/06.jpg,./ourcar/sarah_jessica_parker_caricature/20.jpg,1
./ourcar/sarah_jessica_parker/06.jpg,./ourcar/sarah_jessica_parker_caricature/12.jpg,1
./ourcar/sarah_jessica_parker/06.jpg,./ourcar/sarah_jessica_parker_caricature/02.jpg,1
./ourcar/sarah_jessica_parker/06.jpg,./ourcar/david_tennant_caricature/08.jpg,0
./ourcar/sarah_jessica_parker/06.jpg,./ourcar/ben_affleck_caricature/03.jpg,0
./ourcar/sarah_jessica_parker/06.jpg,./ourcar/mao_caricature/07.jpg,0
./ourcar/sarah_jessica_parker/06.jpg,./ourcar/dr._phil_caricature/05.jpg,0
./ourcar/sarah_jessica_parker/06.jpg,./ourcar/melania_trump_caricature/17.jpg,0
./ourcar/sarah_jessica_parker/13.jpg,./ourcar/sarah_jessica_parker_caricature/01.jpg,1
./ourcar/sarah_jessica_parker/13.jpg,./ourcar/sarah_jessica_parker_caricature/17.jpg,1
./ourcar/sarah_jessica_parker/13.jpg,./ourcar/sarah_jessica_parker_caricature/20.jpg,1
./ourcar/sarah_jessica_parker/13.jpg,./ourcar/sarah_jessica_parker_caricature/12.jpg,1
./ourcar/sarah_jessica_parker/13.jpg,./ourcar/sarah_jessica_parker_caricature/02.jpg,1
./ourcar/sarah_jessica_parker/13.jpg,./ourcar/kaley_cuoco_caricature/02.jpg,0
./ourcar/sarah_jessica_parker/13.jpg,./ourcar/neil_patrick_harris_caricature/06.jpg,0
./ourcar/sarah_jessica_parker/13.jpg,./ourcar/denzel_washington_caricature/03.jpg,0
./ourcar/sarah_jessica_parker/13.jpg,./ourcar/xi_jinping_caricature/01.jpg,0
./ourcar/sarah_jessica_parker/13.jpg,./ourcar/denzel_washington_caricature/09.jpg,0
./ourcar/sarah_jessica_parker/16.jpg,./ourcar/sarah_jessica_parker_caricature/01.jpg,1
./ourcar/sarah_jessica_parker/16.jpg,./ourcar/sarah_jessica_parker_caricature/17.jpg,1
./ourcar/sarah_jessica_parker/16.jpg,./ourcar/sarah_jessica_parker_caricature/20.jpg,1
./ourcar/sarah_jessica_parker/16.jpg,./ourcar/sarah_jessica_parker_caricature/12.jpg,1
./ourcar/sarah_jessica_parker/16.jpg,./ourcar/sarah_jessica_parker_caricature/02.jpg,1
./ourcar/sarah_jessica_parker/16.jpg,./ourcar/sarah_palin_caricature/20.jpg,0
./ourcar/sarah_jessica_parker/16.jpg,./ourcar/melania_trump_caricature/17.jpg,0
./ourcar/sarah_jessica_parker/16.jpg,./ourcar/alexandria_ocasio-cortez_caricature/06.jpg,0
./ourcar/sarah_jessica_parker/16.jpg,./ourcar/mao_caricature/03.jpg,0
./ourcar/sarah_jessica_parker/16.jpg,./ourcar/alec_baldwin_caricature/01.jpg,0
./ourcar/sarah_jessica_parker/08.jpg,./ourcar/sarah_jessica_parker_caricature/01.jpg,1
./ourcar/sarah_jessica_parker/08.jpg,./ourcar/sarah_jessica_parker_caricature/17.jpg,1
./ourcar/sarah_jessica_parker/08.jpg,./ourcar/sarah_jessica_parker_caricature/20.jpg,1
./ourcar/sarah_jessica_parker/08.jpg,./ourcar/sarah_jessica_parker_caricature/12.jpg,1
./ourcar/sarah_jessica_parker/08.jpg,./ourcar/sarah_jessica_parker_caricature/02.jpg,1
./ourcar/sarah_jessica_parker/08.jpg,./ourcar/nancy_pelosi_caricature/03.jpg,0
./ourcar/sarah_jessica_parker/08.jpg,./ourcar/alfred_hitchcock_caricature/13.jpg,0
./ourcar/sarah_jessica_parker/08.jpg,./ourcar/xi_jinping_caricature/16.jpg,0
./ourcar/sarah_jessica_parker/08.jpg,./ourcar/betty_white_caricature/05.jpg,0
./ourcar/sarah_jessica_parker/08.jpg,./ourcar/benedict_cumberbatch_caricature/07.jpg,0
./ourcar/cameron_diaz/06.jpg,./ourcar/cameron_diaz_caricature/08.jpg,1
./ourcar/cameron_diaz/06.jpg,./ourcar/cameron_diaz_caricature/07.jpg,1
./ourcar/cameron_diaz/06.jpg,./ourcar/cameron_diaz_caricature/05.jpg,1
./ourcar/cameron_diaz/06.jpg,./ourcar/cameron_diaz_caricature/09.jpg,1
./ourcar/cameron_diaz/06.jpg,./ourcar/cameron_diaz_caricature/01.jpg,1
./ourcar/cameron_diaz/06.jpg,./ourcar/denzel_washington_caricature/01.jpg,0
./ourcar/cameron_diaz/06.jpg,./ourcar/bill_clinton_caricature/10.jpg,0
./ourcar/cameron_diaz/06.jpg,./ourcar/rainn_wilson_caricature/01.jpg,0
./ourcar/cameron_diaz/06.jpg,./ourcar/betty_white_caricature/02.jpg,0
./ourcar/cameron_diaz/06.jpg,./ourcar/kaley_cuoco_caricature/02.jpg,0
./ourcar/cameron_diaz/08.jpg,./ourcar/cameron_diaz_caricature/08.jpg,1
./ourcar/cameron_diaz/08.jpg,./ourcar/cameron_diaz_caricature/07.jpg,1
./ourcar/cameron_diaz/08.jpg,./ourcar/cameron_diaz_caricature/05.jpg,1
./ourcar/cameron_diaz/08.jpg,./ourcar/cameron_diaz_caricature/09.jpg,1
./ourcar/cameron_diaz/08.jpg,./ourcar/cameron_diaz_caricature/01.jpg,1
./ourcar/cameron_diaz/08.jpg,./ourcar/yao_ming_caricature/09.jpg,0
./ourcar/cameron_diaz/08.jpg,./ourcar/bill_clinton_caricature/04.jpg,0
./ourcar/cameron_diaz/08.jpg,./ourcar/ben_affleck_caricature/21.jpg,0
./ourcar/cameron_diaz/08.jpg,./ourcar/david_tennant_caricature/08.jpg,0
./ourcar/cameron_diaz/08.jpg,./ourcar/ben_affleck_caricature/03.jpg,0
./ourcar/cameron_diaz/05.jpg,./ourcar/cameron_diaz_caricature/08.jpg,1
./ourcar/cameron_diaz/05.jpg,./ourcar/cameron_diaz_caricature/07.jpg,1
./ourcar/cameron_diaz/05.jpg,./ourcar/cameron_diaz_caricature/05.jpg,1
./ourcar/cameron_diaz/05.jpg,./ourcar/cameron_diaz_caricature/09.jpg,1
./ourcar/cameron_diaz/05.jpg,./ourcar/cameron_diaz_caricature/01.jpg,1
./ourcar/cameron_diaz/05.jpg,./ourcar/mao_caricature/07.jpg,0
./ourcar/cameron_diaz/05.jpg,./ourcar/dr._phil_caricature/05.jpg,0
./ourcar/cameron_diaz/05.jpg,./ourcar/melania_trump_caricature/17.jpg,0
./ourcar/cameron_diaz/05.jpg,./ourcar/kaley_cuoco_caricature/02.jpg,0
./ourcar/cameron_diaz/05.jpg,./ourcar/neil_patrick_harris_caricature/06.jpg,0
./ourcar/cameron_diaz/10.jpg,./ourcar/cameron_diaz_caricature/08.jpg,1
./ourcar/cameron_diaz/10.jpg,./ourcar/cameron_diaz_caricature/07.jpg,1
./ourcar/cameron_diaz/10.jpg,./ourcar/cameron_diaz_caricature/05.jpg,1
./ourcar/cameron_diaz/10.jpg,./ourcar/cameron_diaz_caricature/09.jpg,1
./ourcar/cameron_diaz/10.jpg,./ourcar/cameron_diaz_caricature/01.jpg,1
./ourcar/cameron_diaz/10.jpg,./ourcar/denzel_washington_caricature/03.jpg,0
./ourcar/cameron_diaz/10.jpg,./ourcar/xi_jinping_caricature/01.jpg,0
./ourcar/cameron_diaz/10.jpg,./ourcar/denzel_washington_caricature/09.jpg,0
./ourcar/cameron_diaz/10.jpg,./ourcar/sarah_palin_caricature/20.jpg,0
./ourcar/cameron_diaz/10.jpg,./ourcar/melania_trump_caricature/17.jpg,0
./ourcar/cameron_diaz/07.jpg,./ourcar/cameron_diaz_caricature/08.jpg,1
./ourcar/cameron_diaz/07.jpg,./ourcar/cameron_diaz_caricature/07.jpg,1
./ourcar/cameron_diaz/07.jpg,./ourcar/cameron_diaz_caricature/05.jpg,1
./ourcar/cameron_diaz/07.jpg,./ourcar/cameron_diaz_caricature/09.jpg,1
./ourcar/cameron_diaz/07.jpg,./ourcar/cameron_diaz_caricature/01.jpg,1
./ourcar/cameron_diaz/07.jpg,./ourcar/alexandria_ocasio-cortez_caricature/06.jpg,0
./ourcar/cameron_diaz/07.jpg,./ourcar/mao_caricature/03.jpg,0
./ourcar/cameron_diaz/07.jpg,./ourcar/alec_baldwin_caricature/01.jpg,0
./ourcar/cameron_diaz/07.jpg,./ourcar/nancy_pelosi_caricature/03.jpg,0
./ourcar/cameron_diaz/07.jpg,./ourcar/alfred_hitchcock_caricature/13.jpg,0
./ourcar/denzel_washington/23.jpg,./ourcar/denzel_washington_caricature/02.jpg,1
./ourcar/denzel_washington/23.jpg,./ourcar/denzel_washington_caricature/03.jpg,1
./ourcar/denzel_washington/23.jpg,./ourcar/denzel_washington_caricature/01.jpg,1
./ourcar/denzel_washington/23.jpg,./ourcar/denzel_washington_caricature/09.jpg,1
./ourcar/denzel_washington/23.jpg,./ourcar/denzel_washington_caricature/11.jpg,1
./ourcar/denzel_washington/23.jpg,./ourcar/alexandria_ocasio-cortez_caricature/02.jpg,0
./ourcar/denzel_washington/23.jpg,./ourcar/ben_affleck_caricature/03.jpg,0
./ourcar/denzel_washington/23.jpg,./ourcar/mao_caricature/07.jpg,0
./ourcar/denzel_washington/23.jpg,./ourcar/dr._phil_caricature/05.jpg,0
./ourcar/denzel_washington/23.jpg,./ourcar/melania_trump_caricature/17.jpg,0
./ourcar/denzel_washington/21.jpg,./ourcar/denzel_washington_caricature/02.jpg,1
./ourcar/denzel_washington/21.jpg,./ourcar/denzel_washington_caricature/03.jpg,1
./ourcar/denzel_washington/21.jpg,./ourcar/denzel_washington_caricature/01.jpg,1
./ourcar/denzel_washington/21.jpg,./ourcar/denzel_washington_caricature/09.jpg,1
./ourcar/denzel_washington/21.jpg,./ourcar/denzel_washington_caricature/11.jpg,1
./ourcar/denzel_washington/21.jpg,./ourcar/kaley_cuoco_caricature/02.jpg,0
./ourcar/denzel_washington/21.jpg,./ourcar/neil_patrick_harris_caricature/06.jpg,0
./ourcar/denzel_washington/21.jpg,./ourcar/dr._phil_caricature/07.jpg,0
./ourcar/denzel_washington/21.jpg,./ourcar/mao_caricature/04.jpg,0
./ourcar/denzel_washington/21.jpg,./ourcar/nancy_pelosi_caricature/02.jpg,0
./ourcar/denzel_washington/33.jpg,./ourcar/denzel_washington_caricature/02.jpg,1
./ourcar/denzel_washington/33.jpg,./ourcar/denzel_washington_caricature/03.jpg,1
./ourcar/denzel_washington/33.jpg,./ourcar/denzel_washington_caricature/01.jpg,1
./ourcar/denzel_washington/33.jpg,./ourcar/denzel_washington_caricature/09.jpg,1
./ourcar/denzel_washington/33.jpg,./ourcar/denzel_washington_caricature/11.jpg,1
./ourcar/denzel_washington/33.jpg,./ourcar/sarah_palin_caricature/20.jpg,0
./ourcar/denzel_washington/33.jpg,./ourcar/melania_trump_caricature/17.jpg,0
./ourcar/denzel_washington/33.jpg,./ourcar/alexandria_ocasio-cortez_caricature/06.jpg,0
./ourcar/denzel_washington/33.jpg,./ourcar/mao_caricature/03.jpg,0
./ourcar/denzel_washington/33.jpg,./ourcar/alec_baldwin_caricature/01.jpg,0
./ourcar/denzel_washington/19.jpg,./ourcar/denzel_washington_caricature/02.jpg,1
./ourcar/denzel_washington/19.jpg,./ourcar/denzel_washington_caricature/03.jpg,1
./ourcar/denzel_washington/19.jpg,./ourcar/denzel_washington_caricature/01.jpg,1
./ourcar/denzel_washington/19.jpg,./ourcar/denzel_washington_caricature/09.jpg,1
./ourcar/denzel_washington/19.jpg,./ourcar/denzel_washington_caricature/11.jpg,1
./ourcar/denzel_washington/19.jpg,./ourcar/nancy_pelosi_caricature/03.jpg,0
./ourcar/denzel_washington/19.jpg,./ourcar/alfred_hitchcock_caricature/13.jpg,0
./ourcar/denzel_washington/19.jpg,./ourcar/xi_jinping_caricature/16.jpg,0
./ourcar/denzel_washington/19.jpg,./ourcar/betty_white_caricature/05.jpg,0
./ourcar/denzel_washington/19.jpg,./ourcar/benedict_cumberbatch_caricature/07.jpg,0
./ourcar/denzel_washington/30.jpg,./ourcar/denzel_washington_caricature/02.jpg,1
./ourcar/denzel_washington/30.jpg,./ourcar/denzel_washington_caricature/03.jpg,1
./ourcar/denzel_washington/30.jpg,./ourcar/denzel_washington_caricature/01.jpg,1
./ourcar/denzel_washington/30.jpg,./ourcar/denzel_washington_caricature/09.jpg,1
./ourcar/denzel_washington/30.jpg,./ourcar/denzel_washington_caricature/11.jpg,1
./ourcar/denzel_washington/30.jpg,./ourcar/melania_trump_caricature/13.jpg,0
./ourcar/denzel_washington/30.jpg,./ourcar/alec_baldwin_caricature/05.jpg,0
./ourcar/denzel_washington/30.jpg,./ourcar/bill_clinton_caricature/01.jpg,0
./ourcar/denzel_washington/30.jpg,./ourcar/fergie_caricature/05.jpg,0
./ourcar/denzel_washington/30.jpg,./ourcar/pat_morita_caricature/01.jpg,0
./ourcar/eddie_murphy/06.jpg,./ourcar/eddie_murphy_caricature/08.jpg,1
./ourcar/eddie_murphy/06.jpg,./ourcar/eddie_murphy_caricature/07.jpg,1
./ourcar/eddie_murphy/06.jpg,./ourcar/eddie_murphy_caricature/05.jpg,1
./ourcar/eddie_murphy/06.jpg,./ourcar/eddie_murphy_caricature/09.jpg,1
./ourcar/eddie_murphy/06.jpg,./ourcar/eddie_murphy_caricature/01.jpg,1
./ourcar/eddie_murphy/06.jpg,./ourcar/denzel_washington_caricature/01.jpg,0
./ourcar/eddie_murphy/06.jpg,./ourcar/bill_clinton_caricature/10.jpg,0
./ourcar/eddie_murphy/06.jpg,./ourcar/rainn_wilson_caricature/01.jpg,0
./ourcar/eddie_murphy/06.jpg,./ourcar/betty_white_caricature/02.jpg,0
./ourcar/eddie_murphy/06.jpg,./ourcar/kaley_cuoco_caricature/02.jpg,0
./ourcar/eddie_murphy/08.jpg,./ourcar/eddie_murphy_caricature/08.jpg,1
./ourcar/eddie_murphy/08.jpg,./ourcar/eddie_murphy_caricature/07.jpg,1
./ourcar/eddie_murphy/08.jpg,./ourcar/eddie_murphy_caricature/05.jpg,1
./ourcar/eddie_murphy/08.jpg,./ourcar/eddie_murphy_caricature/09.jpg,1
./ourcar/eddie_murphy/08.jpg,./ourcar/eddie_murphy_caricature/01.jpg,1
./ourcar/eddie_murphy/08.jpg,./ourcar/yao_ming_caricature/09.jpg,0
./ourcar/eddie_murphy/08.jpg,./ourcar/bill_clinton_caricature/04.jpg,0
./ourcar/eddie_murphy/08.jpg,./ourcar/ben_affleck_caricature/21.jpg,0
./ourcar/eddie_murphy/08.jpg,./ourcar/david_tennant_caricature/08.jpg,0
./ourcar/eddie_murphy/08.jpg,./ourcar/ben_affleck_caricature/03.jpg,0
./ourcar/eddie_murphy/05.jpg,./ourcar/eddie_murphy_caricature/08.jpg,1
./ourcar/eddie_murphy/05.jpg,./ourcar/eddie_murphy_caricature/07.jpg,1
./ourcar/eddie_murphy/05.jpg,./ourcar/eddie_murphy_caricature/05.jpg,1
./ourcar/eddie_murphy/05.jpg,./ourcar/eddie_murphy_caricature/09.jpg,1
./ourcar/eddie_murphy/05.jpg,./ourcar/eddie_murphy_caricature/01.jpg,1
./ourcar/eddie_murphy/05.jpg,./ourcar/mao_caricature/07.jpg,0
./ourcar/eddie_murphy/05.jpg,./ourcar/dr._phil_caricature/05.jpg,0
./ourcar/eddie_murphy/05.jpg,./ourcar/melania_trump_caricature/17.jpg,0
./ourcar/eddie_murphy/05.jpg,./ourcar/kaley_cuoco_caricature/02.jpg,0
./ourcar/eddie_murphy/05.jpg,./ourcar/neil_patrick_harris_caricature/06.jpg,0
./ourcar/eddie_murphy/10.jpg,./ourcar/eddie_murphy_caricature/08.jpg,1
./ourcar/eddie_murphy/10.jpg,./ourcar/eddie_murphy_caricature/07.jpg,1
./ourcar/eddie_murphy/10.jpg,./ourcar/eddie_murphy_caricature/05.jpg,1
./ourcar/eddie_murphy/10.jpg,./ourcar/eddie_murphy_caricature/09.jpg,1
./ourcar/eddie_murphy/10.jpg,./ourcar/eddie_murphy_caricature/01.jpg,1
./ourcar/eddie_murphy/10.jpg,./ourcar/denzel_washington_caricature/03.jpg,0
./ourcar/eddie_murphy/10.jpg,./ourcar/xi_jinping_caricature/01.jpg,0
./ourcar/eddie_murphy/10.jpg,./ourcar/denzel_washington_caricature/09.jpg,0
./ourcar/eddie_murphy/10.jpg,./ourcar/sarah_palin_caricature/20.jpg,0
./ourcar/eddie_murphy/10.jpg,./ourcar/melania_trump_caricature/17.jpg,0
./ourcar/eddie_murphy/07.jpg,./ourcar/eddie_murphy_caricature/08.jpg,1
./ourcar/eddie_murphy/07.jpg,./ourcar/eddie_murphy_caricature/07.jpg,1
./ourcar/eddie_murphy/07.jpg,./ourcar/eddie_murphy_caricature/05.jpg,1
./ourcar/eddie_murphy/07.jpg,./ourcar/eddie_murphy_caricature/09.jpg,1
./ourcar/eddie_murphy/07.jpg,./ourcar/eddie_murphy_caricature/01.jpg,1
./ourcar/eddie_murphy/07.jpg,./ourcar/alexandria_ocasio-cortez_caricature/06.jpg,0
./ourcar/eddie_murphy/07.jpg,./ourcar/mao_caricature/03.jpg,0
./ourcar/eddie_murphy/07.jpg,./ourcar/alec_baldwin_caricature/01.jpg,0
./ourcar/eddie_murphy/07.jpg,./ourcar/nancy_pelosi_caricature/03.jpg,0
./ourcar/eddie_murphy/07.jpg,./ourcar/alfred_hitchcock_caricature/13.jpg,0
./ourcar/fergie/06.jpg,./ourcar/fergie_caricature/08.jpg,1
./ourcar/fergie/06.jpg,./ourcar/fergie_caricature/05.jpg,1
./ourcar/fergie/06.jpg,./ourcar/fergie_caricature/07.jpg,1
./ourcar/fergie/06.jpg,./ourcar/fergie_caricature/01.jpg,1
./ourcar/fergie/06.jpg,./ourcar/fergie_caricature/04.jpg,1
./ourcar/fergie/06.jpg,./ourcar/denzel_washington_caricature/01.jpg,0
./ourcar/fergie/06.jpg,./ourcar/bill_clinton_caricature/10.jpg,0
./ourcar/fergie/06.jpg,./ourcar/rainn_wilson_caricature/01.jpg,0
./ourcar/fergie/06.jpg,./ourcar/betty_white_caricature/02.jpg,0
./ourcar/fergie/06.jpg,./ourcar/kaley_cuoco_caricature/02.jpg,0
./ourcar/fergie/08.jpg,./ourcar/fergie_caricature/08.jpg,1
./ourcar/fergie/08.jpg,./ourcar/fergie_caricature/05.jpg,1
./ourcar/fergie/08.jpg,./ourcar/fergie_caricature/07.jpg,1
./ourcar/fergie/08.jpg,./ourcar/fergie_caricature/01.jpg,1
./ourcar/fergie/08.jpg,./ourcar/fergie_caricature/04.jpg,1
./ourcar/fergie/08.jpg,./ourcar/yao_ming_caricature/09.jpg,0
./ourcar/fergie/08.jpg,./ourcar/bill_clinton_caricature/04.jpg,0
./ourcar/fergie/08.jpg,./ourcar/ben_affleck_caricature/21.jpg,0
./ourcar/fergie/08.jpg,./ourcar/david_tennant_caricature/08.jpg,0
./ourcar/fergie/08.jpg,./ourcar/ben_affleck_caricature/03.jpg,0
./ourcar/fergie/05.jpg,./ourcar/fergie_caricature/08.jpg,1
./ourcar/fergie/05.jpg,./ourcar/fergie_caricature/05.jpg,1
./ourcar/fergie/05.jpg,./ourcar/fergie_caricature/07.jpg,1
./ourcar/fergie/05.jpg,./ourcar/fergie_caricature/01.jpg,1
./ourcar/fergie/05.jpg,./ourcar/fergie_caricature/04.jpg,1
./ourcar/fergie/05.jpg,./ourcar/mao_caricature/07.jpg,0
./ourcar/fergie/05.jpg,./ourcar/dr._phil_caricature/05.jpg,0
./ourcar/fergie/05.jpg,./ourcar/melania_trump_caricature/17.jpg,0
./ourcar/fergie/05.jpg,./ourcar/kaley_cuoco_caricature/02.jpg,0
./ourcar/fergie/05.jpg,./ourcar/neil_patrick_harris_caricature/06.jpg,0
./ourcar/fergie/10.jpg,./ourcar/fergie_caricature/08.jpg,1
./ourcar/fergie/10.jpg,./ourcar/fergie_caricature/05.jpg,1
./ourcar/fergie/10.jpg,./ourcar/fergie_caricature/07.jpg,1
./ourcar/fergie/10.jpg,./ourcar/fergie_caricature/01.jpg,1
./ourcar/fergie/10.jpg,./ourcar/fergie_caricature/04.jpg,1
./ourcar/fergie/10.jpg,./ourcar/denzel_washington_caricature/03.jpg,0
./ourcar/fergie/10.jpg,./ourcar/xi_jinping_caricature/01.jpg,0
./ourcar/fergie/10.jpg,./ourcar/denzel_washington_caricature/09.jpg,0
./ourcar/fergie/10.jpg,./ourcar/sarah_palin_caricature/20.jpg,0
./ourcar/fergie/10.jpg,./ourcar/melania_trump_caricature/17.jpg,0
./ourcar/fergie/07.jpg,./ourcar/fergie_caricature/08.jpg,1
./ourcar/fergie/07.jpg,./ourcar/fergie_caricature/05.jpg,1
./ourcar/fergie/07.jpg,./ourcar/fergie_caricature/07.jpg,1
./ourcar/fergie/07.jpg,./ourcar/fergie_caricature/01.jpg,1
./ourcar/fergie/07.jpg,./ourcar/fergie_caricature/04.jpg,1
./ourcar/fergie/07.jpg,./ourcar/alexandria_ocasio-cortez_caricature/06.jpg,0
./ourcar/fergie/07.jpg,./ourcar/mao_caricature/03.jpg,0
./ourcar/fergie/07.jpg,./ourcar/alec_baldwin_caricature/01.jpg,0
./ourcar/fergie/07.jpg,./ourcar/nancy_pelosi_caricature/03.jpg,0
./ourcar/fergie/07.jpg,./ourcar/alfred_hitchcock_caricature/13.jpg,0
./ourcar/sarah_palin/10.jpg,./ourcar/sarah_palin_caricature/19.jpg,1
./ourcar/sarah_palin/10.jpg,./ourcar/sarah_palin_caricature/11.jpg,1
./ourcar/sarah_palin/10.jpg,./ourcar/sarah_palin_caricature/01.jpg,1
./ourcar/sarah_palin/10.jpg,./ourcar/sarah_palin_caricature/04.jpg,1
./ourcar/sarah_palin/10.jpg,./ourcar/sarah_palin_caricature/08.jpg,1
./ourcar/sarah_palin/10.jpg,./ourcar/eddie_murphy_caricature/09.jpg,0
./ourcar/sarah_palin/10.jpg,./ourcar/yao_ming_caricature/09.jpg,0
./ourcar/sarah_palin/10.jpg,./ourcar/bill_clinton_caricature/04.jpg,0
./ourcar/sarah_palin/10.jpg,./ourcar/ben_affleck_caricature/21.jpg,0
./ourcar/sarah_palin/10.jpg,./ourcar/david_tennant_caricature/08.jpg,0
./ourcar/sarah_palin/06.jpg,./ourcar/sarah_palin_caricature/19.jpg,1
./ourcar/sarah_palin/06.jpg,./ourcar/sarah_palin_caricature/11.jpg,1
./ourcar/sarah_palin/06.jpg,./ourcar/sarah_palin_caricature/01.jpg,1
./ourcar/sarah_palin/06.jpg,./ourcar/sarah_palin_caricature/04.jpg,1
./ourcar/sarah_palin/06.jpg,./ourcar/sarah_palin_caricature/08.jpg,1
./ourcar/sarah_palin/06.jpg,./ourcar/ben_affleck_caricature/03.jpg,0
./ourcar/sarah_palin/06.jpg,./ourcar/mao_caricature/07.jpg,0
./ourcar/sarah_palin/06.jpg,./ourcar/dr._phil_caricature/05.jpg,0
./ourcar/sarah_palin/06.jpg,./ourcar/melania_trump_caricature/17.jpg,0
./ourcar/sarah_palin/06.jpg,./ourcar/kaley_cuoco_caricature/02.jpg,0
./ourcar/sarah_palin/08.jpg,./ourcar/sarah_palin_caricature/19.jpg,1
./ourcar/sarah_palin/08.jpg,./ourcar/sarah_palin_caricature/11.jpg,1
./ourcar/sarah_palin/08.jpg,./ourcar/sarah_palin_caricature/01.jpg,1
./ourcar/sarah_palin/08.jpg,./ourcar/sarah_palin_caricature/04.jpg,1
./ourcar/sarah_palin/08.jpg,./ourcar/sarah_palin_caricature/08.jpg,1
./ourcar/sarah_palin/08.jpg,./ourcar/neil_patrick_harris_caricature/06.jpg,0
./ourcar/sarah_palin/08.jpg,./ourcar/denzel_washington_caricature/03.jpg,0
./ourcar/sarah_palin/08.jpg,./ourcar/xi_jinping_caricature/01.jpg,0
./ourcar/sarah_palin/08.jpg,./ourcar/denzel_washington_caricature/09.jpg,0
./ourcar/sarah_palin/08.jpg,./ourcar/fergie_caricature/04.jpg,0
./ourcar/sarah_palin/19.jpg,./ourcar/sarah_palin_caricature/19.jpg,1
./ourcar/sarah_palin/19.jpg,./ourcar/sarah_palin_caricature/11.jpg,1
./ourcar/sarah_palin/19.jpg,./ourcar/sarah_palin_caricature/01.jpg,1
./ourcar/sarah_palin/19.jpg,./ourcar/sarah_palin_caricature/04.jpg,1
./ourcar/sarah_palin/19.jpg,./ourcar/sarah_palin_caricature/08.jpg,1
./ourcar/sarah_palin/19.jpg,./ourcar/eddie_murphy_caricature/08.jpg,0
./ourcar/sarah_palin/19.jpg,./ourcar/bill_clinton_caricature/01.jpg,0
./ourcar/sarah_palin/19.jpg,./ourcar/neil_patrick_harris_caricature/08.jpg,0
./ourcar/sarah_palin/19.jpg,./ourcar/nancy_pelosi_caricature/03.jpg,0
./ourcar/sarah_palin/19.jpg,./ourcar/alfred_hitchcock_caricature/13.jpg,0
./ourcar/sarah_palin/09.jpg,./ourcar/sarah_palin_caricature/19.jpg,1
./ourcar/sarah_palin/09.jpg,./ourcar/sarah_palin_caricature/11.jpg,1
./ourcar/sarah_palin/09.jpg,./ourcar/sarah_palin_caricature/01.jpg,1
./ourcar/sarah_palin/09.jpg,./ourcar/sarah_palin_caricature/04.jpg,1
./ourcar/sarah_palin/09.jpg,./ourcar/sarah_palin_caricature/08.jpg,1
./ourcar/sarah_palin/09.jpg,./ourcar/xi_jinping_caricature/16.jpg,0
./ourcar/sarah_palin/09.jpg,./ourcar/betty_white_caricature/05.jpg,0
./ourcar/sarah_palin/09.jpg,./ourcar/benedict_cumberbatch_caricature/07.jpg,0
./ourcar/sarah_palin/09.jpg,./ourcar/melania_trump_caricature/13.jpg,0
./ourcar/sarah_palin/09.jpg,./ourcar/alec_baldwin_caricature/05.jpg,0
./ourcar/alec_baldwin/06.jpg,./ourcar/alec_baldwin_caricature/01.jpg,1
./ourcar/alec_baldwin/06.jpg,./ourcar/alec_baldwin_caricature/05.jpg,1
./ourcar/alec_baldwin/06.jpg,./ourcar/alec_baldwin_caricature/02.jpg,1
./ourcar/alec_baldwin/06.jpg,./ourcar/alec_baldwin_caricature/03.jpg,1
./ourcar/alec_baldwin/06.jpg,./ourcar/alec_baldwin_caricature/04.jpg,1
./ourcar/alec_baldwin/06.jpg,./ourcar/alexandria_ocasio-cortez_caricature/01.jpg,0
./ourcar/alec_baldwin/06.jpg,./ourcar/cameron_diaz_caricature/03.jpg,0
./ourcar/alec_baldwin/06.jpg,./ourcar/denzel_washington_caricature/01.jpg,0
./ourcar/alec_baldwin/06.jpg,./ourcar/bill_clinton_caricature/10.jpg,0
./ourcar/alec_baldwin/06.jpg,./ourcar/rainn_wilson_caricature/01.jpg,0
./ourcar/alec_baldwin/08.jpg,./ourcar/alec_baldwin_caricature/01.jpg,1
./ourcar/alec_baldwin/08.jpg,./ourcar/alec_baldwin_caricature/05.jpg,1
./ourcar/alec_baldwin/08.jpg,./ourcar/alec_baldwin_caricature/02.jpg,1
./ourcar/alec_baldwin/08.jpg,./ourcar/alec_baldwin_caricature/03.jpg,1
./ourcar/alec_baldwin/08.jpg,./ourcar/alec_baldwin_caricature/04.jpg,1
./ourcar/alec_baldwin/08.jpg,./ourcar/betty_white_caricature/02.jpg,0
./ourcar/alec_baldwin/08.jpg,./ourcar/kaley_cuoco_caricature/02.jpg,0
./ourcar/alec_baldwin/08.jpg,./ourcar/yao_ming_caricature/09.jpg,0
./ourcar/alec_baldwin/08.jpg,./ourcar/bill_clinton_caricature/04.jpg,0
./ourcar/alec_baldwin/08.jpg,./ourcar/ben_affleck_caricature/21.jpg,0
./ourcar/alec_baldwin/05.jpg,./ourcar/alec_baldwin_caricature/01.jpg,1
./ourcar/alec_baldwin/05.jpg,./ourcar/alec_baldwin_caricature/05.jpg,1
./ourcar/alec_baldwin/05.jpg,./ourcar/alec_baldwin_caricature/02.jpg,1
./ourcar/alec_baldwin/05.jpg,./ourcar/alec_baldwin_caricature/03.jpg,1
./ourcar/alec_baldwin/05.jpg,./ourcar/alec_baldwin_caricature/04.jpg,1
./ourcar/alec_baldwin/05.jpg,./ourcar/david_tennant_caricature/08.jpg,0
./ourcar/alec_baldwin/05.jpg,./ourcar/ben_affleck_caricature/03.jpg,0
./ourcar/alec_baldwin/05.jpg,./ourcar/mao_caricature/07.jpg,0
./ourcar/alec_baldwin/05.jpg,./ourcar/dr._phil_caricature/05.jpg,0
./ourcar/alec_baldwin/05.jpg,./ourcar/melania_trump_caricature/17.jpg,0
./ourcar/alec_baldwin/10.jpg,./ourcar/alec_baldwin_caricature/01.jpg,1
./ourcar/alec_baldwin/10.jpg,./ourcar/alec_baldwin_caricature/05.jpg,1
./ourcar/alec_baldwin/10.jpg,./ourcar/alec_baldwin_caricature/02.jpg,1
./ourcar/alec_baldwin/10.jpg,./ourcar/alec_baldwin_caricature/03.jpg,1
./ourcar/alec_baldwin/10.jpg,./ourcar/alec_baldwin_caricature/04.jpg,1
./ourcar/alec_baldwin/10.jpg,./ourcar/kaley_cuoco_caricature/02.jpg,0
./ourcar/alec_baldwin/10.jpg,./ourcar/neil_patrick_harris_caricature/06.jpg,0
./ourcar/alec_baldwin/10.jpg,./ourcar/denzel_washington_caricature/03.jpg,0
./ourcar/alec_baldwin/10.jpg,./ourcar/xi_jinping_caricature/01.jpg,0
./ourcar/alec_baldwin/10.jpg,./ourcar/denzel_washington_caricature/09.jpg,0
./ourcar/alec_baldwin/07.jpg,./ourcar/alec_baldwin_caricature/01.jpg,1
./ourcar/alec_baldwin/07.jpg,./ourcar/alec_baldwin_caricature/05.jpg,1
./ourcar/alec_baldwin/07.jpg,./ourcar/alec_baldwin_caricature/02.jpg,1
./ourcar/alec_baldwin/07.jpg,./ourcar/alec_baldwin_caricature/03.jpg,1
./ourcar/alec_baldwin/07.jpg,./ourcar/alec_baldwin_caricature/04.jpg,1
./ourcar/alec_baldwin/07.jpg,./ourcar/sarah_palin_caricature/20.jpg,0
./ourcar/alec_baldwin/07.jpg,./ourcar/melania_trump_caricature/17.jpg,0
./ourcar/alec_baldwin/07.jpg,./ourcar/alexandria_ocasio-cortez_caricature/06.jpg,0
./ourcar/alec_baldwin/07.jpg,./ourcar/mao_caricature/03.jpg,0
./ourcar/alec_baldwin/07.jpg,./ourcar/alfred_hitchcock_caricature/19.jpg,0
./ourcar/bill_clinton/06.jpg,./ourcar/bill_clinton_caricature/08.jpg,1
./ourcar/bill_clinton/06.jpg,./ourcar/bill_clinton_caricature/07.jpg,1
./ourcar/bill_clinton/06.jpg,./ourcar/bill_clinton_caricature/05.jpg,1
./ourcar/bill_clinton/06.jpg,./ourcar/bill_clinton_caricature/09.jpg,1
./ourcar/bill_clinton/06.jpg,./ourcar/bill_clinton_caricature/01.jpg,1
./ourcar/bill_clinton/06.jpg,./ourcar/denzel_washington_caricature/01.jpg,0
./ourcar/bill_clinton/06.jpg,./ourcar/sarah_palin_caricature/11.jpg,0
./ourcar/bill_clinton/06.jpg,./ourcar/denzel_washington_caricature/11.jpg,0
./ourcar/bill_clinton/06.jpg,./ourcar/alfred_hitchcock_caricature/20.jpg,0
./ourcar/bill_clinton/06.jpg,./ourcar/eddie_murphy_caricature/09.jpg,0
./ourcar/bill_clinton/08.jpg,./ourcar/bill_clinton_caricature/08.jpg,1
./ourcar/bill_clinton/08.jpg,./ourcar/bill_clinton_caricature/07.jpg,1
./ourcar/bill_clinton/08.jpg,./ourcar/bill_clinton_caricature/05.jpg,1
./ourcar/bill_clinton/08.jpg,./ourcar/bill_clinton_caricature/09.jpg,1
./ourcar/bill_clinton/08.jpg,./ourcar/bill_clinton_caricature/01.jpg,1
./ourcar/bill_clinton/08.jpg,./ourcar/yao_ming_caricature/09.jpg,0
./ourcar/bill_clinton/08.jpg,./ourcar/rainn_wilson_caricature/05.jpg,0
./ourcar/bill_clinton/08.jpg,./ourcar/kaley_cuoco_caricature/01.jpg,0
./ourcar/bill_clinton/08.jpg,./ourcar/alexandria_ocasio-cortez_caricature/02.jpg,0
./ourcar/bill_clinton/08.jpg,./ourcar/ben_affleck_caricature/03.jpg,0
./ourcar/bill_clinton/05.jpg,./ourcar/bill_clinton_caricature/08.jpg,1
./ourcar/bill_clinton/05.jpg,./ourcar/bill_clinton_caricature/07.jpg,1
./ourcar/bill_clinton/05.jpg,./ourcar/bill_clinton_caricature/05.jpg,1
./ourcar/bill_clinton/05.jpg,./ourcar/bill_clinton_caricature/09.jpg,1
./ourcar/bill_clinton/05.jpg,./ourcar/bill_clinton_caricature/01.jpg,1
./ourcar/bill_clinton/05.jpg,./ourcar/mao_caricature/07.jpg,0
./ourcar/bill_clinton/05.jpg,./ourcar/dr._phil_caricature/05.jpg,0
./ourcar/bill_clinton/05.jpg,./ourcar/melania_trump_caricature/17.jpg,0
./ourcar/bill_clinton/05.jpg,./ourcar/kaley_cuoco_caricature/02.jpg,0
./ourcar/bill_clinton/05.jpg,./ourcar/neil_patrick_harris_caricature/06.jpg,0
./ourcar/bill_clinton/10.jpg,./ourcar/bill_clinton_caricature/08.jpg,1
./ourcar/bill_clinton/10.jpg,./ourcar/bill_clinton_caricature/07.jpg,1
./ourcar/bill_clinton/10.jpg,./ourcar/bill_clinton_caricature/05.jpg,1
./ourcar/bill_clinton/10.jpg,./ourcar/bill_clinton_caricature/09.jpg,1
./ourcar/bill_clinton/10.jpg,./ourcar/bill_clinton_caricature/01.jpg,1
./ourcar/bill_clinton/10.jpg,./ourcar/denzel_washington_caricature/03.jpg,0
./ourcar/bill_clinton/10.jpg,./ourcar/xi_jinping_caricature/01.jpg,0
./ourcar/bill_clinton/10.jpg,./ourcar/denzel_washington_caricature/09.jpg,0
./ourcar/bill_clinton/10.jpg,./ourcar/sarah_palin_caricature/20.jpg,0
./ourcar/bill_clinton/10.jpg,./ourcar/melania_trump_caricature/17.jpg,0
./ourcar/bill_clinton/07.jpg,./ourcar/bill_clinton_caricature/08.jpg,1
./ourcar/bill_clinton/07.jpg,./ourcar/bill_clinton_caricature/07.jpg,1
./ourcar/bill_clinton/07.jpg,./ourcar/bill_clinton_caricature/05.jpg,1
./ourcar/bill_clinton/07.jpg,./ourcar/bill_clinton_caricature/09.jpg,1
./ourcar/bill_clinton/07.jpg,./ourcar/bill_clinton_caricature/01.jpg,1
./ourcar/bill_clinton/07.jpg,./ourcar/alexandria_ocasio-cortez_caricature/06.jpg,0
./ourcar/bill_clinton/07.jpg,./ourcar/mao_caricature/03.jpg,0
./ourcar/bill_clinton/07.jpg,./ourcar/alec_baldwin_caricature/01.jpg,0
./ourcar/bill_clinton/07.jpg,./ourcar/nancy_pelosi_caricature/03.jpg,0
./ourcar/bill_clinton/07.jpg,./ourcar/alfred_hitchcock_caricature/13.jpg,0
./ourcar/pat_morita/01.jpg,./ourcar/pat_morita_caricature/07.jpg,1
./ourcar/pat_morita/01.jpg,./ourcar/pat_morita_caricature/02.jpg,1
./ourcar/pat_morita/01.jpg,./ourcar/pat_morita_caricature/05.jpg,1
./ourcar/pat_morita/01.jpg,./ourcar/pat_morita_caricature/04.jpg,1
./ourcar/pat_morita/01.jpg,./ourcar/pat_morita_caricature/03.jpg,1
./ourcar/pat_morita/01.jpg,./ourcar/neil_patrick_harris_caricature/03.jpg,0
./ourcar/pat_morita/01.jpg,./ourcar/mao_caricature/01.jpg,0
./ourcar/pat_morita/01.jpg,./ourcar/alfred_hitchcock_caricature/17.jpg,0
./ourcar/pat_morita/01.jpg,./ourcar/fergie_caricature/03.jpg,0
./ourcar/pat_morita/01.jpg,./ourcar/denzel_washington_caricature/01.jpg,0
./ourcar/pat_morita/07.jpg,./ourcar/pat_morita_caricature/07.jpg,1
./ourcar/pat_morita/07.jpg,./ourcar/pat_morita_caricature/02.jpg,1
./ourcar/pat_morita/07.jpg,./ourcar/pat_morita_caricature/05.jpg,1
./ourcar/pat_morita/07.jpg,./ourcar/pat_morita_caricature/04.jpg,1
./ourcar/pat_morita/07.jpg,./ourcar/pat_morita_caricature/03.jpg,1
./ourcar/pat_morita/07.jpg,./ourcar/bill_clinton_caricature/10.jpg,0
./ourcar/pat_morita/07.jpg,./ourcar/rainn_wilson_caricature/01.jpg,0
./ourcar/pat_morita/07.jpg,./ourcar/betty_white_caricature/02.jpg,0
./ourcar/pat_morita/07.jpg,./ourcar/kaley_cuoco_caricature/02.jpg,0
./ourcar/pat_morita/07.jpg,./ourcar/yao_ming_caricature/09.jpg,0
./ourcar/pat_morita/04.jpg,./ourcar/pat_morita_caricature/07.jpg,1
./ourcar/pat_morita/04.jpg,./ourcar/pat_morita_caricature/02.jpg,1
./ourcar/pat_morita/04.jpg,./ourcar/pat_morita_caricature/05.jpg,1
./ourcar/pat_morita/04.jpg,./ourcar/pat_morita_caricature/04.jpg,1
./ourcar/pat_morita/04.jpg,./ourcar/pat_morita_caricature/03.jpg,1
./ourcar/pat_morita/04.jpg,./ourcar/bill_clinton_caricature/04.jpg,0
./ourcar/pat_morita/04.jpg,./ourcar/ben_affleck_caricature/21.jpg,0
./ourcar/pat_morita/04.jpg,./ourcar/david_tennant_caricature/08.jpg,0
./ourcar/pat_morita/04.jpg,./ourcar/ben_affleck_caricature/03.jpg,0
./ourcar/pat_morita/04.jpg,./ourcar/mao_caricature/07.jpg,0
./ourcar/pat_morita/05.jpg,./ourcar/pat_morita_caricature/07.jpg,1
./ourcar/pat_morita/05.jpg,./ourcar/pat_morita_caricature/02.jpg,1
./ourcar/pat_morita/05.jpg,./ourcar/pat_morita_caricature/05.jpg,1
./ourcar/pat_morita/05.jpg,./ourcar/pat_morita_caricature/04.jpg,1
./ourcar/pat_morita/05.jpg,./ourcar/pat_morita_caricature/03.jpg,1
./ourcar/pat_morita/05.jpg,./ourcar/dr._phil_caricature/05.jpg,0
./ourcar/pat_morita/05.jpg,./ourcar/melania_trump_caricature/17.jpg,0
./ourcar/pat_morita/05.jpg,./ourcar/kaley_cuoco_caricature/02.jpg,0
./ourcar/pat_morita/05.jpg,./ourcar/neil_patrick_harris_caricature/06.jpg,0
./ourcar/pat_morita/05.jpg,./ourcar/denzel_washington_caricature/03.jpg,0
./ourcar/pat_morita/02.jpg,./ourcar/pat_morita_caricature/07.jpg,1
./ourcar/pat_morita/02.jpg,./ourcar/pat_morita_caricature/02.jpg,1
./ourcar/pat_morita/02.jpg,./ourcar/pat_morita_caricature/05.jpg,1
./ourcar/pat_morita/02.jpg,./ourcar/pat_morita_caricature/04.jpg,1
./ourcar/pat_morita/02.jpg,./ourcar/pat_morita_caricature/03.jpg,1
./ourcar/pat_morita/02.jpg,./ourcar/xi_jinping_caricature/01.jpg,0
./ourcar/pat_morita/02.jpg,./ourcar/denzel_washington_caricature/09.jpg,0
./ourcar/pat_morita/02.jpg,./ourcar/sarah_palin_caricature/20.jpg,0
./ourcar/pat_morita/02.jpg,./ourcar/melania_trump_caricature/17.jpg,0
./ourcar/pat_morita/02.jpg,./ourcar/alexandria_ocasio-cortez_caricature/06.jpg,0
